to_country,from_country,person_cnt
AD,ES,3
AD,FR,1
AD,US,1
AE,AM,2
AE,AU,36
AE,BD,1
AE,BE,1
AE,BG,1
AE,BH,1
AE,BN,2
AE,CA,42
AE,CH,1
AE,CL,1
AE,CN,9
AE,CO,3
AE,CY,2
AE,DE,16
AE,DK,3
AE,EG,24
AE,ER,1
AE,ES,9
AE,ET,1
AE,FI,1
AE,FR,23
AE,GB,103
AE,GR,18
AE,HK,2
AE,HR,1
AE,ID,1
AE,IE,3
AE,IL,1
AE,IN,80
AE,IQ,2
AE,IS,1
AE,IT,14
AE,JM,1
AE,JO,27
AE,JP,7
AE,KG,1
AE,KR,13
AE,KW,3
AE,LB,6
AE,LK,1
AE,LU,1
AE,MA,2
AE,MT,1
AE,MU,1
AE,MX,1
AE,MY,20
AE,NG,6
AE,NL,3
AE,NO,2
AE,NP,1
AE,NZ,5
AE,OM,18
AE,PH,3
AE,PK,28
AE,PL,1
AE,PS,2
AE,PT,5
AE,QA,2
AE,RO,2
AE,RS,2
AE,RU,3
AE,SA,23
AE,SD,9
AE,SE,5
AE,SG,6
AE,SO,1
AE,SY,4
AE,TN,2
AE,TR,9
AE,TW,2
AE,UA,2
AE,UG,1
AE,US,145
AE,ZA,11
AF,BD,2
AF,DE,3
AF,ET,1
AF,FR,1
AF,GB,3
AF,IN,6
AF,IT,1
AF,JO,1
AF,JP,4
AF,KG,1
AF,KR,1
AF,LK,1
AF,MY,1
AF,NL,1
AF,NP,1
AF,PK,3
AF,RS,1
AF,SO,1
AF,TH,1
AF,US,4
AF,ZA,1
AF,ZW,1
AG,IN,1
AG,US,1
AI,AW,1
AI,US,3
AL,AT,1
AL,AU,2
AL,BA,1
AL,CO,1
AL,CZ,1
AL,DE,4
AL,ES,2
AL,FR,2
AL,GB,4
AL,HR,1
AL,IT,12
AL,JP,1
AL,NL,2
AL,PT,1
AL,RO,1
AL,TR,3
AL,US,7
AL,XK,1
AM,BE,1
AM,CN,2
AM,DE,3
AM,FR,1
AM,GR,4
AM,IL,1
AM,IN,1
AM,IT,1
AM,LB,1
AM,PL,1
AM,PT,1
AM,RU,2
AM,SI,1
AM,SK,1
AM,UA,1
AM,US,2
AO,AQ,1
AO,BR,6
AO,CU,4
AO,ES,1
AO,FR,1
AO,GB,5
AO,KH,1
AO,MA,1
AO,PT,26
AO,US,1
AO,VE,1
AO,ZW,1
AQ,IL,1
AQ,KR,1
AQ,US,1
AQ,VE,1
AR,AT,1
AR,AU,4
AR,BE,1
AR,BO,3
AR,BR,69
AR,CA,10
AR,CH,6
AR,CL,24
AR,CO,124
AR,CR,6
AR,CU,10
AR,CZ,1
AR,DE,22
AR,DK,1
AR,DO,2
AR,EC,31
AR,ES,90
AR,FR,31
AR,GB,18
AR,HK,1
AR,HN,2
AR,IL,2
AR,IN,1
AR,IT,20
AR,JP,1
AR,KE,1
AR,MX,24
AR,NI,1
AR,NL,8
AR,NO,1
AR,NZ,1
AR,PA,2
AR,PE,21
AR,PK,1
AR,PR,1
AR,PT,13
AR,PY,4
AR,QA,1
AR,RU,1
AR,SE,1
AR,SV,1
AR,US,57
AR,UY,8
AR,VE,10
AS,NZ,1
AS,US,1
AT,AE,1
AT,AL,4
AT,AM,1
AT,AR,3
AT,AU,29
AT,BA,2
AT,BD,2
AT,BE,25
AT,BG,2
AT,BR,16
AT,CA,42
AT,CH,68
AT,CL,3
AT,CN,19
AT,CO,2
AT,CR,2
AT,CU,2
AT,CV,1
AT,CY,2
AT,CZ,20
AT,DE,303
AT,DK,17
AT,DZ,1
AT,EC,2
AT,EG,6
AT,ES,62
AT,ET,3
AT,FI,27
AT,FR,60
AT,GB,123
AT,GE,1
AT,GR,14
AT,HK,2
AT,HR,5
AT,HU,18
AT,ID,1
AT,IE,9
AT,IL,5
AT,IN,29
AT,IR,11
AT,IS,4
AT,IT,112
AT,JO,1
AT,JP,16
AT,KE,1
AT,KR,12
AT,KZ,1
AT,LB,1
AT,LI,1
AT,LK,1
AT,LU,3
AT,MA,1
AT,MK,2
AT,MO,1
AT,MT,2
AT,MW,1
AT,MX,3
AT,MY,4
AT,MZ,1
AT,NL,41
AT,NO,7
AT,NZ,10
AT,PE,1
AT,PH,3
AT,PK,11
AT,PL,11
AT,PT,25
AT,QA,2
AT,RO,8
AT,RS,9
AT,RU,15
AT,SE,25
AT,SG,7
AT,SI,11
AT,SK,9
AT,SY,1
AT,TH,2
AT,TN,2
AT,TR,17
AT,TW,5
AT,UA,9
AT,US,155
AT,VE,1
AT,VN,4
AT,ZA,4
AU,AE,16
AU,AF,1
AU,AR,12
AU,AT,41
AU,BD,140
AU,BE,62
AU,BG,2
AU,BH,2
AU,BN,6
AU,BR,125
AU,BS,1
AU,BT,9
AU,CA,256
AU,CH,86
AU,CL,45
AU,CN,625
AU,CO,38
AU,CR,3
AU,CY,3
AU,CZ,11
AU,DE,285
AU,DK,61
AU,EC,39
AU,EE,6
AU,EG,21
AU,ES,111
AU,ET,26
AU,FI,35
AU,FJ,21
AU,FM,1
AU,FR,189
AU,GB,1081
AU,GH,33
AU,GM,1
AU,GR,20
AU,GT,1
AU,HK,76
AU,HR,1
AU,HU,5
AU,ID,98
AU,IE,72
AU,IL,18
AU,IN,328
AU,IQ,21
AU,IR,196
AU,IS,1
AU,IT,115
AU,JM,1
AU,JO,14
AU,JP,110
AU,KE,9
AU,KG,1
AU,KH,2
AU,KR,98
AU,LA,1
AU,LB,6
AU,LC,1
AU,LK,128
AU,LT,3
AU,LU,1
AU,LY,1
AU,MA,1
AU,MG,1
AU,MK,1
AU,MM,3
AU,MN,4
AU,MO,3
AU,MU,2
AU,MV,1
AU,MW,1
AU,MX,28
AU,MY,172
AU,MZ,1
AU,NA,1
AU,NC,1
AU,NG,20
AU,NL,163
AU,NO,22
AU,NP,35
AU,NZ,297
AU,OM,4
AU,PA,1
AU,PE,12
AU,PG,7
AU,PH,52
AU,PK,101
AU,PL,16
AU,PR,1
AU,PT,41
AU,QA,11
AU,RO,5
AU,RS,2
AU,RU,20
AU,SA,42
AU,SD,1
AU,SE,82
AU,SG,163
AU,SI,1
AU,SL,1
AU,SY,1
AU,TH,29
AU,TN,1
AU,TR,34
AU,TW,44
AU,TZ,3
AU,UA,4
AU,UG,8
AU,US,985
AU,UY,2
AU,UZ,1
AU,VE,3
AU,VI,1
AU,VN,77
AU,VU,1
AU,ZA,83
AU,ZM,3
AU,ZW,4
AW,AU,1
AW,HU,1
AW,IN,1
AW,JO,1
AW,NL,1
AW,VE,1
AZ,CN,1
AZ,CO,1
AZ,CY,1
AZ,DE,2
AZ,EG,1
AZ,ES,1
AZ,GB,7
AZ,GR,1
AZ,IL,1
AZ,IR,1
AZ,KE,1
AZ,KR,3
AZ,KZ,1
AZ,LV,1
AZ,NZ,1
AZ,PK,1
AZ,RU,2
AZ,TR,8
AZ,UA,1
AZ,US,3
BA,AT,2
BA,BE,1
BA,CA,1
BA,CZ,1
BA,DE,3
BA,EG,1
BA,ES,1
BA,GB,1
BA,HR,9
BA,IT,2
BA,JP,1
BA,RS,9
BA,SI,1
BA,TR,4
BA,US,6
BB,BE,1
BB,CA,1
BB,GB,4
BD,AE,2
BD,AU,45
BD,BE,9
BD,BG,1
BD,BN,1
BD,CA,20
BD,CH,3
BD,CL,1
BD,CN,12
BD,CO,1
BD,DE,25
BD,DK,2
BD,EG,1
BD,ES,4
BD,ET,2
BD,FI,2
BD,FR,4
BD,GB,93
BD,GR,1
BD,ID,2
BD,IE,4
BD,IN,23
BD,IR,1
BD,IT,18
BD,JP,64
BD,KR,32
BD,LK,2
BD,MA,1
BD,MM,1
BD,MX,1
BD,MY,40
BD,NL,10
BD,NO,12
BD,NP,7
BD,NZ,2
BD,OM,2
BD,PH,6
BD,PK,1
BD,PL,1
BD,PT,1
BD,RU,2
BD,SA,4
BD,SE,16
BD,SG,4
BD,SI,1
BD,SO,1
BD,TH,10
BD,TR,2
BD,TZ,1
BD,UA,1
BD,UG,1
BD,US,42
BD,ZA,2
BE,AE,1
BE,AL,1
BE,AM,1
BE,AO,1
BE,AR,6
BE,AT,26
BE,AU,45
BE,BA,2
BE,BD,2
BE,BG,4
BE,BI,1
BE,BJ,2
BE,BR,45
BE,CA,37
BE,CD,4
BE,CH,62
BE,CI,3
BE,CL,11
BE,CM,7
BE,CN,85
BE,CO,15
BE,CU,7
BE,CY,4
BE,CZ,11
BE,DE,145
BE,DK,22
BE,EC,12
BE,EE,1
BE,EG,6
BE,ES,157
BE,ET,6
BE,FI,15
BE,FR,194
BE,GB,172
BE,GE,1
BE,GH,7
BE,GP,2
BE,GR,28
BE,HK,7
BE,HR,4
BE,HU,12
BE,ID,7
BE,IE,18
BE,IL,5
BE,IN,74
BE,IQ,1
BE,IR,21
BE,IT,132
BE,JO,3
BE,JP,22
BE,KE,5
BE,KR,17
BE,KZ,1
BE,LB,1
BE,LK,4
BE,LT,2
BE,LU,5
BE,LY,1
BE,MA,2
BE,MD,1
BE,MG,1
BE,MK,2
BE,MM,1
BE,MT,1
BE,MW,1
BE,MX,16
BE,MY,1
BE,MZ,2
BE,NE,1
BE,NG,4
BE,NL,199
BE,NO,7
BE,NP,2
BE,NZ,3
BE,PE,5
BE,PH,7
BE,PK,11
BE,PL,9
BE,PS,3
BE,PT,94
BE,PW,1
BE,PY,2
BE,QA,1
BE,RO,9
BE,RS,7
BE,RU,19
BE,SA,5
BE,SE,53
BE,SG,5
BE,SI,6
BE,SK,1
BE,SR,1
BE,SY,1
BE,TH,2
BE,TN,4
BE,TR,14
BE,TW,8
BE,TZ,1
BE,UA,5
BE,UG,8
BE,US,178
BE,UY,1
BE,UZ,1
BE,VE,3
BE,VN,9
BE,YT,1
BE,ZA,18
BE,ZM,1
BE,ZW,3
BF,BE,3
BF,BG,1
BF,BJ,2
BF,CI,1
BF,CN,1
BF,DZ,1
BF,EG,1
BF,FR,10
BF,GB,1
BF,GH,2
BF,JP,1
BF,NG,2
BF,RW,1
BF,SE,1
BF,SN,3
BF,TN,1
BF,US,1
BG,AT,3
BG,AU,1
BG,BE,3
BG,CA,1
BG,CH,2
BG,CO,1
BG,CZ,2
BG,DE,10
BG,ES,1
BG,FR,4
BG,GB,9
BG,IE,1
BG,IL,2
BG,IT,5
BG,JP,3
BG,LT,1
BG,MK,1
BG,NL,4
BG,NO,1
BG,PL,2
BG,PT,4
BG,RS,1
BG,RU,3
BG,SE,1
BG,SK,1
BG,TR,2
BG,UA,2
BG,US,8
BH,AU,1
BH,CA,1
BH,EG,3
BH,ET,1
BH,FJ,1
BH,GB,9
BH,GR,2
BH,IE,3
BH,IN,10
BH,JO,1
BH,KW,1
BH,LK,1
BH,MV,1
BH,MY,5
BH,NP,1
BH,NZ,1
BH,OM,1
BH,PK,2
BH,SA,4
BH,SE,1
BH,SG,1
BH,TN,1
BH,TR,1
BH,US,6
BI,BE,3
BI,DZ,2
BI,FR,1
BI,IN,1
BI,SD,1
BI,US,1
BI,ZA,1
BJ,BE,6
BJ,BF,1
BJ,CA,1
BJ,CD,1
BJ,DE,2
BJ,DK,1
BJ,FR,5
BJ,GH,1
BJ,KR,1
BJ,MA,1
BJ,NE,1
BJ,NG,3
BJ,NL,2
BJ,SN,1
BJ,TG,1
BJ,US,2
BJ,ZA,1
BM,US,1
BN,AU,4
BN,BD,2
BN,BR,1
BN,CH,1
BN,DE,2
BN,EG,1
BN,GB,20
BN,GR,1
BN,HK,1
BN,ID,4
BN,IE,1
BN,IN,2
BN,JP,3
BN,KR,3
BN,LK,1
BN,MY,14
BN,NG,1
BN,NL,1
BN,NZ,2
BN,OM,1
BN,PH,1
BN,PK,6
BN,PT,1
BN,SA,1
BN,SE,1
BN,SG,3
BN,TH,3
BN,TR,1
BO,AR,3
BO,BE,3
BO,BR,4
BO,CL,2
BO,CO,3
BO,DE,2
BO,DK,1
BO,EC,2
BO,ES,6
BO,FR,1
BO,GB,2
BO,JP,2
BO,MX,2
BO,NO,1
BO,NZ,1
BO,SE,2
BO,US,3
BR,AO,7
BR,AR,86
BR,AT,12
BR,AU,106
BR,BE,55
BR,BF,1
BR,BO,19
BR,BV,2
BR,CA,183
BR,CD,2
BR,CH,41
BR,CL,51
BR,CM,2
BR,CN,13
BR,CO,398
BR,CR,17
BR,CU,75
BR,CV,3
BR,CZ,10
BR,DE,228
BR,DK,25
BR,DO,5
BR,EC,43
BR,EE,1
BR,EG,1
BR,ES,349
BR,FI,20
BR,FO,1
BR,FR,362
BR,GB,306
BR,GH,1
BR,GR,3
BR,GT,5
BR,HN,7
BR,HT,3
BR,HU,15
BR,ID,1
BR,IE,41
BR,IL,1
BR,IN,44
BR,IR,15
BR,IT,170
BR,JP,31
BR,KE,2
BR,KR,6
BR,KY,1
BR,LV,2
BR,MA,1
BR,MO,1
BR,MX,58
BR,MY,4
BR,MZ,16
BR,NG,4
BR,NI,8
BR,NL,66
BR,NO,16
BR,NP,1
BR,NZ,3
BR,PA,4
BR,PE,151
BR,PH,1
BR,PK,9
BR,PL,11
BR,PR,1
BR,PT,481
BR,PY,18
BR,QA,1
BR,RE,1
BR,RO,1
BR,RU,10
BR,SE,31
BR,SG,3
BR,ST,1
BR,SV,3
BR,SY,1
BR,TG,2
BR,TH,3
BR,TL,4
BR,TN,2
BR,TR,3
BR,TT,1
BR,TW,1
BR,UA,2
BR,US,863
BR,UY,10
BR,UZ,1
BR,VA,2
BR,VE,47
BR,ZA,10
BR,ZW,1
BS,BR,1
BS,CA,3
BS,GB,2
BS,MY,1
BS,US,5
BS,VE,1
BT,AU,3
BT,BD,1
BT,GB,2
BT,IN,13
BT,LK,1
BT,NL,1
BT,TH,4
BT,US,1
BV,BR,1
BW,AU,3
BW,BA,1
BW,CA,4
BW,CM,1
BW,CN,3
BW,DE,1
BW,DK,1
BW,EE,1
BW,ET,1
BW,GB,16
BW,IE,1
BW,IN,2
BW,KE,2
BW,KR,1
BW,KZ,1
BW,MU,1
BW,MW,2
BW,NG,3
BW,NL,1
BW,TZ,1
BW,UG,3
BW,US,11
BW,ZA,21
BW,ZM,1
BW,ZW,7
BY,BG,1
BY,BR,1
BY,DK,1
BY,GB,3
BY,HU,2
BY,LB,1
BY,LT,1
BY,PL,1
BY,RU,11
BY,SE,1
BY,UA,6
BY,US,2
BZ,BJ,1
BZ,CA,1
BZ,CU,1
BZ,GB,1
BZ,LR,1
BZ,MX,1
BZ,NZ,1
BZ,US,2
CA,AE,18
CA,AO,1
CA,AR,12
CA,AT,23
CA,AU,144
CA,AZ,4
CA,BB,1
CA,BD,53
CA,BE,48
CA,BF,1
CA,BG,2
CA,BH,1
CA,BN,1
CA,BO,1
CA,BR,200
CA,BS,1
CA,BY,2
CA,BZ,1
CA,CD,1
CA,CH,104
CA,CI,2
CA,CL,18
CA,CM,6
CA,CN,350
CA,CO,47
CA,CR,9
CA,CU,15
CA,CY,2
CA,CZ,8
CA,DE,166
CA,DK,16
CA,DO,1
CA,DZ,6
CA,EC,11
CA,EE,1
CA,EG,61
CA,ES,113
CA,ET,4
CA,FI,31
CA,FR,321
CA,GB,434
CA,GF,1
CA,GH,18
CA,GN,1
CA,GR,18
CA,GT,1
CA,GY,2
CA,HK,37
CA,HR,2
CA,HT,2
CA,HU,3
CA,ID,5
CA,IE,46
CA,IL,31
CA,IN,263
CA,IQ,2
CA,IR,228
CA,IS,1
CA,IT,93
CA,JO,8
CA,JP,59
CA,KE,3
CA,KH,2
CA,KN,2
CA,KR,57
CA,KW,4
CA,KZ,1
CA,LB,14
CA,LK,11
CA,LT,1
CA,LU,1
CA,LY,6
CA,MA,6
CA,MD,1
CA,MG,1
CA,MK,1
CA,MT,2
CA,MX,65
CA,MY,25
CA,NG,25
CA,NL,61
CA,NO,12
CA,NP,10
CA,NZ,36
CA,OM,3
CA,PE,10
CA,PH,8
CA,PK,18
CA,PL,17
CA,PR,3
CA,PS,4
CA,PT,34
CA,QA,10
CA,RO,2
CA,RS,7
CA,RU,15
CA,RW,4
CA,SA,48
CA,SD,2
CA,SE,52
CA,SG,31
CA,SI,2
CA,SN,1
CA,SS,1
CA,SY,5
CA,TD,1
CA,TG,1
CA,TH,7
CA,TN,4
CA,TR,35
CA,TT,4
CA,TW,21
CA,TZ,2
CA,UA,8
CA,UG,1
CA,US,1278
CA,UY,3
CA,VC,1
CA,VE,2
CA,VN,8
CA,YE,1
CA,ZA,24
CA,ZW,2
CD,BE,5
CD,BR,1
CD,BW,1
CD,CA,1
CD,CG,1
CD,DE,1
CD,ER,1
CD,GH,2
CD,NL,2
CD,UG,1
CD,US,1
CD,ZA,1
CF,BE,1
CF,CA,1
CF,CH,1
CF,CI,1
CF,GB,1
CF,SN,1
CG,AU,1
CG,BE,1
CG,CH,1
CG,CM,1
CG,DZ,1
CG,FR,5
CG,GB,1
CG,NG,1
CG,PH,1
CG,SE,1
CG,US,1
CH,AE,1
CH,AM,2
CH,AR,11
CH,AT,88
CH,AU,76
CH,BA,1
CH,BD,4
CH,BE,64
CH,BG,2
CH,BJ,2
CH,BR,42
CH,BY,1
CH,CA,100
CH,CG,1
CH,CL,11
CH,CM,1
CH,CN,76
CH,CO,15
CH,CR,2
CH,CU,2
CH,CY,2
CH,CZ,18
CH,DE,561
CH,DK,49
CH,DZ,2
CH,EC,4
CH,EE,3
CH,EG,6
CH,ER,1
CH,ES,161
CH,ET,3
CH,FI,31
CH,FJ,1
CH,FR,362
CH,GB,342
CH,GE,1
CH,GH,6
CH,GR,46
CH,GT,1
CH,HK,15
CH,HR,9
CH,HU,20
CH,ID,3
CH,IE,18
CH,IL,17
CH,IN,81
CH,IR,28
CH,IS,4
CH,IT,344
CH,JO,1
CH,JP,48
CH,KE,3
CH,KR,24
CH,LB,3
CH,LI,5
CH,LK,2
CH,LT,3
CH,LU,2
CH,LV,4
CH,MG,1
CH,MK,1
CH,MM,1
CH,MN,1
CH,MT,2
CH,MX,9
CH,MY,8
CH,NG,3
CH,NL,143
CH,NO,12
CH,NP,2
CH,NZ,13
CH,OM,1
CH,PA,1
CH,PE,2
CH,PH,3
CH,PK,5
CH,PL,17
CH,PR,1
CH,PT,64
CH,QA,3
CH,RO,13
CH,RS,11
CH,RU,34
CH,RW,2
CH,SA,2
CH,SD,1
CH,SE,69
CH,SG,31
CH,SI,12
CH,SK,6
CH,SO,1
CH,TH,4
CH,TN,2
CH,TR,36
CH,TW,13
CH,TZ,4
CH,UA,11
CH,US,562
CH,UY,1
CH,VE,3
CH,VN,3
CH,ZA,15
CH,ZW,1
CI,BE,2
CI,BF,1
CI,BJ,1
CI,CA,1
CI,CN,1
CI,FR,5
CI,GB,1
CI,IT,1
CI,JP,1
CI,NG,1
CI,SN,1
CI,US,1
CI,ZA,1
CL,AE,1
CL,AM,1
CL,AR,16
CL,AT,2
CL,AU,27
CL,BD,1
CL,BE,15
CL,BO,8
CL,BR,62
CL,CA,26
CL,CH,6
CL,CN,4
CL,CO,95
CL,CR,5
CL,CU,23
CL,CZ,2
CL,DE,52
CL,DK,4
CL,DO,3
CL,EC,33
CL,ES,266
CL,FI,3
CL,FR,58
CL,GB,73
CL,GR,4
CL,GT,1
CL,IE,1
CL,IL,1
CL,IN,14
CL,IR,4
CL,IT,31
CL,JP,5
CL,KE,1
CL,KR,5
CL,MX,30
CL,MY,1
CL,NL,15
CL,NO,1
CL,NZ,8
CL,PE,25
CL,PL,1
CL,PR,2
CL,PT,13
CL,PY,3
CL,RS,1
CL,RU,1
CL,SE,1
CL,SK,1
CL,SV,1
CL,TR,1
CL,TW,1
CL,US,158
CL,UY,2
CL,VE,28
CL,VN,1
CL,ZA,3
CM,AT,1
CM,AU,2
CM,BE,1
CM,BF,1
CM,BJ,3
CM,BR,1
CM,CA,2
CM,CD,1
CM,CF,1
CM,CG,1
CM,CH,1
CM,DE,2
CM,ES,1
CM,FI,1
CM,FR,8
CM,GB,5
CM,GH,1
CM,GW,1
CM,IN,2
CM,KE,3
CM,KR,1
CM,MA,1
CM,MY,2
CM,NG,8
CM,NL,1
CM,PR,1
CM,RW,2
CM,SE,1
CM,SN,2
CM,UA,1
CM,UG,1
CM,US,3
CM,ZA,4
CN,AE,7
CN,AF,3
CN,AM,4
CN,AT,15
CN,AU,311
CN,AZ,2
CN,BD,37
CN,BE,70
CN,BN,1
CN,BR,14
CN,BW,1
CN,BY,3
CN,CA,275
CN,CF,1
CN,CG,1
CN,CH,71
CN,CL,2
CN,CM,6
CN,CO,6
CN,CU,3
CN,CX,1
CN,CY,3
CN,CZ,8
CN,DE,357
CN,DK,58
CN,DZ,6
CN,EC,3
CN,EE,2
CN,EG,19
CN,ER,7
CN,ES,62
CN,ET,21
CN,FI,29
CN,FJ,2
CN,FR,244
CN,GB,649
CN,GH,41
CN,GN,1
CN,GR,7
CN,GT,1
CN,HK,447
CN,HR,1
CN,HU,2
CN,ID,19
CN,IE,28
CN,IL,12
CN,IN,192
CN,IQ,7
CN,IR,27
CN,IT,74
CN,JM,1
CN,JO,3
CN,JP,422
CN,KE,22
CN,KG,1
CN,KH,3
CN,KP,2
CN,KR,146
CN,KZ,2
CN,LK,11
CN,LR,2
CN,LS,2
CN,LY,1
CN,MA,4
CN,ML,1
CN,MM,5
CN,MN,3
CN,MO,21
CN,MU,2
CN,MX,8
CN,MY,47
CN,MZ,2
CN,NE,1
CN,NG,27
CN,NL,118
CN,NO,30
CN,NP,27
CN,NZ,28
CN,PE,3
CN,PH,1
CN,PK,340
CN,PL,13
CN,PS,1
CN,PT,20
CN,QA,2
CN,RO,2
CN,RS,2
CN,RU,27
CN,RW,8
CN,SA,34
CN,SD,16
CN,SE,92
CN,SG,315
CN,SI,2
CN,SK,2
CN,SN,2
CN,SY,1
CN,TH,11
CN,TN,1
CN,TR,10
CN,TW,127
CN,TZ,8
CN,UA,12
CN,UG,7
CN,US,2422
CN,UY,2
CN,UZ,5
CN,VE,2
CN,VN,8
CN,YE,3
CN,ZA,11
CN,ZM,7
CN,ZW,3
CO,AL,1
CO,AM,1
CO,AR,88
CO,AT,2
CO,AU,19
CO,AZ,1
CO,BE,25
CO,BO,5
CO,BR,205
CO,CA,31
CO,CH,16
CO,CL,87
CO,CN,7
CO,CR,18
CO,CU,24
CO,CW,2
CO,CY,1
CO,CZ,6
CO,DE,59
CO,DK,6
CO,DO,2
CO,EC,30
CO,ES,515
CO,FI,3
CO,FR,106
CO,GB,95
CO,GH,1
CO,GR,1
CO,GT,6
CO,HK,1
CO,HN,2
CO,HU,2
CO,IE,4
CO,IL,4
CO,IN,3
CO,IT,48
CO,JP,5
CO,KE,1
CO,KR,4
CO,KZ,1
CO,LB,1
CO,LU,1
CO,MD,2
CO,MT,1
CO,MX,158
CO,MZ,1
CO,NI,2
CO,NL,25
CO,NO,2
CO,NZ,4
CO,PA,8
CO,PE,22
CO,PL,2
CO,PR,41
CO,PS,2
CO,PT,12
CO,QA,1
CO,RO,1
CO,RU,7
CO,SA,1
CO,SE,13
CO,SG,1
CO,SK,1
CO,TN,1
CO,TR,2
CO,UA,2
CO,US,265
CO,UY,5
CO,VE,126
CO,VG,1
CO,ZA,1
CR,AR,3
CR,AU,3
CR,BG,1
CR,BR,9
CR,CA,1
CR,CH,1
CR,CL,4
CR,CO,20
CR,DE,6
CR,DO,1
CR,ES,17
CR,FI,1
CR,FR,3
CR,GB,4
CR,GT,2
CR,HN,2
CR,HT,1
CR,IL,2
CR,JP,1
CR,MX,12
CR,MY,1
CR,NI,2
CR,NL,5
CR,NO,1
CR,PA,1
CR,PE,2
CR,PT,2
CR,SE,3
CR,SV,1
CR,TW,1
CR,US,33
CR,VE,1
CU,AO,3
CU,AR,2
CU,BE,2
CU,BR,3
CU,CA,2
CU,CH,1
CU,CL,1
CU,CN,1
CU,CO,4
CU,CR,1
CU,CV,1
CU,DE,1
CU,DZ,1
CU,EC,18
CU,ES,8
CU,GB,1
CU,GH,1
CU,GT,1
CU,JM,1
CU,MX,1
CU,PE,2
CU,PT,1
CU,QA,1
CU,RU,2
CU,US,1
CU,UY,1
CV,AO,1
CV,BR,4
CV,CH,1
CV,CU,1
CV,ES,1
CV,GB,1
CV,MZ,1
CV,PT,22
CV,ST,1
CV,US,1
CW,CA,1
CW,CN,1
CW,CO,2
CW,NL,2
CW,US,2
CW,VE,2
CY,AE,2
CY,AT,2
CY,AU,3
CY,BE,1
CY,BG,2
CY,BN,1
CY,CH,2
CY,CM,1
CY,CN,1
CY,DE,6
CY,DK,2
CY,EG,2
CY,ES,5
CY,ET,1
CY,FR,6
CY,GB,69
CY,GR,38
CY,HU,1
CY,IE,3
CY,IL,1
CY,IN,3
CY,IQ,2
CY,IR,9
CY,IT,6
CY,JO,5
CY,KZ,1
CY,LV,1
CY,LY,1
CY,MX,1
CY,MY,5
CY,NG,16
CY,NL,4
CY,NO,1
CY,NZ,1
CY,PK,6
CY,PS,3
CY,PT,3
CY,RU,1
CY,SA,1
CY,SE,4
CY,SG,1
CY,SY,1
CY,TR,40
CY,UA,3
CY,US,20
CY,ZA,1
CZ,AF,1
CZ,AL,3
CZ,AM,2
CZ,AR,2
CZ,AT,25
CZ,AU,5
CZ,AZ,1
CZ,BA,1
CZ,BD,1
CZ,BE,9
CZ,BR,16
CZ,BT,1
CZ,BY,1
CZ,CA,20
CZ,CH,15
CZ,CL,2
CZ,CN,20
CZ,CO,2
CZ,CR,1
CZ,CU,1
CZ,CY,1
CZ,DE,58
CZ,DK,8
CZ,EC,2
CZ,EG,3
CZ,ES,48
CZ,ET,1
CZ,FI,10
CZ,FR,51
CZ,GB,73
CZ,GE,2
CZ,GH,1
CZ,GR,11
CZ,HK,2
CZ,HR,4
CZ,HU,6
CZ,IE,3
CZ,IL,4
CZ,IN,43
CZ,IR,6
CZ,IS,1
CZ,IT,42
CZ,JO,1
CZ,JP,9
CZ,KG,1
CZ,KR,5
CZ,KZ,2
CZ,LI,1
CZ,LT,2
CZ,LV,1
CZ,MD,1
CZ,MO,2
CZ,MX,4
CZ,MY,4
CZ,MZ,1
CZ,NG,1
CZ,NI,1
CZ,NL,22
CZ,NO,7
CZ,NP,1
CZ,NZ,3
CZ,PA,1
CZ,PK,7
CZ,PL,25
CZ,PT,17
CZ,QA,1
CZ,RO,2
CZ,RS,8
CZ,RU,35
CZ,SA,2
CZ,SE,19
CZ,SG,4
CZ,SI,3
CZ,SK,63
CZ,SN,1
CZ,SY,4
CZ,TH,1
CZ,TR,12
CZ,TW,5
CZ,UA,21
CZ,US,77
CZ,UZ,1
CZ,VE,1
CZ,VN,1
CZ,ZA,5
DE,AE,9
DE,AF,2
DE,AL,3
DE,AM,8
DE,AR,26
DE,AT,230
DE,AU,174
DE,AZ,5
DE,BA,1
DE,BD,34
DE,BE,119
DE,BF,1
DE,BG,10
DE,BJ,2
DE,BR,192
DE,BS,1
DE,BY,5
DE,CA,178
DE,CD,1
DE,CH,357
DE,CI,1
DE,CL,38
DE,CM,6
DE,CN,453
DE,CO,81
DE,CR,11
DE,CU,14
DE,CY,5
DE,CZ,51
DE,DK,135
DE,DZ,1
DE,EC,11
DE,EE,6
DE,EG,60
DE,ES,421
DE,ET,10
DE,FI,55
DE,FJ,1
DE,FR,448
DE,GB,864
DE,GE,5
DE,GH,21
DE,GM,1
DE,GN,1
DE,GP,1
DE,GQ,1
DE,GR,77
DE,GT,1
DE,HK,34
DE,HR,21
DE,HU,50
DE,ID,29
DE,IE,53
DE,IL,59
DE,IN,389
DE,IQ,5
DE,IR,78
DE,IS,1
DE,IT,428
DE,JO,13
DE,JP,129
DE,KE,10
DE,KH,1
DE,KR,88
DE,KW,1
DE,KZ,3
DE,LB,6
DE,LK,8
DE,LT,6
DE,LU,17
DE,LV,3
DE,LY,1
DE,MA,1
DE,MD,4
DE,MG,1
DE,MK,1
DE,ML,1
DE,MN,1
DE,MU,1
DE,MV,1
DE,MW,1
DE,MX,72
DE,MY,22
DE,NA,2
DE,NG,10
DE,NI,1
DE,NL,344
DE,NO,58
DE,NP,5
DE,NZ,43
DE,OM,1
DE,PA,4
DE,PE,10
DE,PH,14
DE,PK,56
DE,PL,59
DE,PS,9
DE,PT,146
DE,QA,2
DE,RE,1
DE,RO,28
DE,RS,27
DE,RU,112
DE,SA,12
DE,SD,6
DE,SE,184
DE,SG,52
DE,SI,12
DE,SJ,1
DE,SK,9
DE,SL,2
DE,SN,2
DE,SR,1
DE,SY,18
DE,TG,1
DE,TH,14
DE,TL,1
DE,TN,2
DE,TR,81
DE,TT,1
DE,TW,35
DE,TZ,3
DE,UA,48
DE,UG,3
DE,US,1016
DE,UY,4
DE,UZ,9
DE,VE,13
DE,VN,12
DE,YE,3
DE,ZA,42
DE,ZM,1
DE,ZW,1
DJ,MA,1
DK,AE,2
DK,AR,2
DK,AT,31
DK,AU,68
DK,BA,1
DK,BD,5
DK,BE,33
DK,BO,1
DK,BR,47
DK,BY,1
DK,CA,62
DK,CH,64
DK,CL,7
DK,CN,139
DK,CO,9
DK,CY,2
DK,CZ,6
DK,DE,246
DK,DZ,1
DK,EC,3
DK,EE,2
DK,EG,5
DK,ES,137
DK,FI,37
DK,FO,1
DK,FR,86
DK,GB,248
DK,GH,5
DK,GL,7
DK,GR,29
DK,GT,1
DK,HK,6
DK,HR,6
DK,HT,1
DK,HU,8
DK,ID,3
DK,IE,10
DK,IL,9
DK,IN,62
DK,IR,46
DK,IS,9
DK,IT,143
DK,JM,1
DK,JP,18
DK,KE,1
DK,KN,2
DK,KR,29
DK,KZ,2
DK,LK,1
DK,LT,8
DK,LV,4
DK,MM,1
DK,MX,16
DK,MY,10
DK,MZ,1
DK,NG,3
DK,NL,94
DK,NO,53
DK,NP,7
DK,NZ,11
DK,PA,1
DK,PE,1
DK,PH,3
DK,PK,5
DK,PL,30
DK,PT,48
DK,QA,2
DK,RO,3
DK,RS,6
DK,RU,10
DK,SA,3
DK,SE,166
DK,SG,12
DK,SI,3
DK,SS,1
DK,TH,5
DK,TR,16
DK,TW,3
DK,TZ,4
DK,UA,4
DK,US,294
DK,VE,2
DK,VN,4
DK,ZA,6
DM,CA,1
DM,CN,1
DM,NG,1
DO,AR,1
DO,BE,1
DO,BR,1
DO,CL,2
DO,CO,4
DO,CR,1
DO,CU,5
DO,ES,21
DO,GB,2
DO,MX,2
DO,PE,1
DO,US,13
DO,VE,3
DZ,AO,1
DZ,AU,2
DZ,BE,1
DZ,CA,1
DZ,CH,1
DZ,CM,1
DZ,CN,4
DZ,CU,1
DZ,ES,4
DZ,FR,29
DZ,GB,1
DZ,GH,1
DZ,IN,1
DZ,JP,1
DZ,KE,2
DZ,KR,3
DZ,MY,2
DZ,NG,2
DZ,PT,1
DZ,SN,1
DZ,TN,1
DZ,TR,1
DZ,UA,1
DZ,US,2
DZ,ZW,1
EC,AO,1
EC,AR,22
EC,AT,1
EC,AU,36
EC,BE,14
EC,BO,3
EC,BR,31
EC,CA,8
EC,CH,5
EC,CL,37
EC,CN,5
EC,CO,41
EC,CR,9
EC,CU,180
EC,CZ,2
EC,DE,26
EC,DK,3
EC,ES,335
EC,FI,1
EC,FR,33
EC,GB,32
EC,GM,1
EC,GR,1
EC,GT,4
EC,HK,1
EC,HN,3
EC,HU,3
EC,IE,1
EC,IL,1
EC,IN,3
EC,IT,25
EC,JP,3
EC,KR,3
EC,MX,48
EC,NI,1
EC,NL,11
EC,NZ,1
EC,PA,1
EC,PE,10
EC,PH,1
EC,PL,1
EC,PR,2
EC,PT,10
EC,RO,1
EC,RS,1
EC,RU,8
EC,SE,2
EC,SG,1
EC,TW,3
EC,UA,4
EC,US,92
EC,UY,4
EC,VE,77
EE,AR,1
EE,AT,1
EE,AU,6
EE,BD,1
EE,BE,3
EE,BG,1
EE,BR,2
EE,CA,2
EE,CH,6
EE,CN,1
EE,CY,2
EE,CZ,2
EE,DE,8
EE,DK,2
EE,EG,1
EE,ES,6
EE,FI,14
EE,FR,6
EE,GB,13
EE,GH,2
EE,GR,1
EE,HU,1
EE,ID,1
EE,IE,2
EE,IL,2
EE,IN,7
EE,IR,1
EE,IT,2
EE,KE,1
EE,LB,1
EE,LT,1
EE,LV,1
EE,NG,1
EE,NL,5
EE,NZ,1
EE,PL,3
EE,PT,1
EE,RU,6
EE,SE,8
EE,TR,3
EE,UA,5
EE,US,9
EE,VN,1
EG,AE,3
EG,AM,1
EG,AT,6
EG,AU,5
EG,BE,9
EG,BF,1
EG,BG,2
EG,BJ,1
EG,BN,1
EG,BR,3
EG,CA,45
EG,CH,3
EG,CN,19
EG,CZ,3
EG,DE,71
EG,DK,3
EG,ES,21
EG,ET,1
EG,FI,2
EG,FR,22
EG,GB,88
EG,GH,1
EG,GR,5
EG,HU,3
EG,IE,3
EG,IN,6
EG,IQ,3
EG,IT,12
EG,JO,3
EG,JP,72
EG,KR,6
EG,KW,3
EG,KZ,3
EG,LB,2
EG,LU,1
EG,LY,3
EG,MX,1
EG,MY,9
EG,NL,4
EG,NO,2
EG,NZ,1
EG,OM,2
EG,PL,3
EG,PS,1
EG,PT,5
EG,QA,1
EG,RU,5
EG,SA,45
EG,SE,7
EG,SG,1
EG,SY,4
EG,TR,3
EG,UG,1
EG,US,125
EG,VN,1
EG,YE,5
EG,ZA,1
ER,BW,1
ER,CN,1
ER,IN,4
ER,KE,1
ER,MW,1
ER,SD,2
ES,AD,2
ES,AE,3
ES,AF,1
ES,AL,3
ES,AM,3
ES,AR,85
ES,AS,1
ES,AT,51
ES,AU,56
ES,AW,1
ES,AZ,1
ES,BA,3
ES,BD,5
ES,BE,117
ES,BF,1
ES,BG,2
ES,BH,1
ES,BO,10
ES,BR,253
ES,BY,3
ES,CA,86
ES,CD,1
ES,CH,99
ES,CL,145
ES,CN,79
ES,CO,487
ES,CR,21
ES,CU,70
ES,CV,1
ES,CY,5
ES,CZ,29
ES,DE,347
ES,DK,56
ES,DO,20
ES,DZ,3
ES,EC,265
ES,EE,4
ES,EG,16
ES,ET,3
ES,FI,29
ES,FR,381
ES,GB,662
ES,GE,2
ES,GH,4
ES,GI,1
ES,GP,1
ES,GQ,2
ES,GR,39
ES,GT,6
ES,HK,2
ES,HN,9
ES,HR,10
ES,HU,11
ES,IE,55
ES,IL,16
ES,IN,66
ES,IQ,2
ES,IR,35
ES,IS,2
ES,IT,448
ES,JO,5
ES,JP,31
ES,KE,4
ES,KH,1
ES,KR,18
ES,KW,1
ES,LB,4
ES,LT,1
ES,LU,5
ES,LV,2
ES,MA,8
ES,MD,1
ES,MG,1
ES,MK,1
ES,MN,1
ES,MO,1
ES,MT,3
ES,MX,263
ES,MY,10
ES,MZ,1
ES,NC,1
ES,NG,4
ES,NI,10
ES,NL,148
ES,NO,18
ES,NP,2
ES,NZ,6
ES,OM,1
ES,PA,10
ES,PE,119
ES,PH,7
ES,PK,3
ES,PL,44
ES,PR,16
ES,PS,7
ES,PT,339
ES,PY,12
ES,QA,2
ES,RO,15
ES,RS,18
ES,RU,26
ES,SA,6
ES,SE,70
ES,SG,10
ES,SI,7
ES,SK,3
ES,SN,1
ES,SO,1
ES,SV,10
ES,SY,5
ES,TH,3
ES,TN,6
ES,TR,34
ES,TT,1
ES,TW,7
ES,TZ,1
ES,UA,10
ES,UG,1
ES,US,546
ES,UY,19
ES,VE,79
ES,VN,2
ES,YE,2
ES,ZA,9
ET,AT,5
ET,AU,6
ET,BD,1
ET,BE,13
ET,BF,1
ET,BM,1
ET,BR,1
ET,CA,4
ET,CH,3
ET,CN,4
ET,CU,1
ET,DE,15
ET,DK,1
ET,EC,1
ET,ER,1
ET,ES,8
ET,FI,1
ET,FR,6
ET,GB,11
ET,GH,2
ET,GR,1
ET,ID,1
ET,IE,2
ET,IN,96
ET,IT,9
ET,JP,6
ET,KE,3
ET,KH,2
ET,KR,9
ET,LR,2
ET,MN,1
ET,MY,2
ET,NG,6
ET,NL,17
ET,NO,9
ET,PH,2
ET,PT,1
ET,RS,1
ET,SE,11
ET,SG,1
ET,SL,1
ET,SN,1
ET,SS,1
ET,SY,1
ET,TH,2
ET,TW,3
ET,TZ,1
ET,UA,1
ET,UG,2
ET,US,13
ET,YE,1
ET,ZA,7
FI,AE,5
FI,AL,1
FI,AR,3
FI,AT,19
FI,AU,24
FI,BA,1
FI,BD,4
FI,BE,24
FI,BR,28
FI,BY,3
FI,CA,27
FI,CH,33
FI,CL,2
FI,CN,55
FI,CO,5
FI,CY,2
FI,CZ,12
FI,DE,85
FI,DK,24
FI,EE,17
FI,EG,3
FI,ES,42
FI,ET,4
FI,FR,49
FI,GB,133
FI,GH,5
FI,GR,7
FI,HK,6
FI,HN,1
FI,HU,11
FI,ID,5
FI,IE,5
FI,IL,2
FI,IN,58
FI,IQ,1
FI,IR,18
FI,IS,2
FI,IT,44
FI,JO,2
FI,JP,19
FI,KE,2
FI,KR,12
FI,KW,1
FI,KZ,2
FI,LK,1
FI,LU,2
FI,LV,2
FI,LY,3
FI,MK,1
FI,MO,2
FI,MX,4
FI,MY,4
FI,MZ,1
FI,NG,6
FI,NL,36
FI,NO,15
FI,NP,1
FI,NZ,6
FI,OM,1
FI,PE,3
FI,PH,4
FI,PK,22
FI,PL,4
FI,PS,1
FI,PT,22
FI,PY,1
FI,QA,1
FI,RS,3
FI,RU,44
FI,SA,2
FI,SE,66
FI,SG,3
FI,SI,4
FI,SY,1
FI,TN,1
FI,TR,15
FI,TW,3
FI,TZ,1
FI,UA,5
FI,UG,1
FI,US,93
FI,VN,2
FI,YE,1
FI,ZA,7
FI,ZM,1
FJ,AU,17
FJ,BD,1
FJ,CA,3
FJ,CO,1
FJ,CU,1
FJ,DE,1
FJ,ET,1
FJ,FR,3
FJ,GB,6
FJ,IE,1
FJ,IN,14
FJ,KR,1
FJ,LK,2
FJ,NR,1
FJ,NZ,6
FJ,PH,2
FJ,PK,1
FJ,PT,1
FJ,TT,1
FJ,US,5
FJ,ZM,1
FK,FR,1
FK,NZ,1
FM,GB,1
FO,DK,2
FO,FI,1
FO,GB,1
FO,IS,1
FO,JP,1
FO,NO,1
FR,AE,2
FR,AF,2
FR,AL,4
FR,AM,2
FR,AR,29
FR,AT,45
FR,AU,98
FR,AZ,2
FR,BD,6
FR,BE,183
FR,BF,6
FR,BG,2
FR,BH,1
FR,BJ,3
FR,BO,1
FR,BR,209
FR,BY,2
FR,CA,206
FR,CF,1
FR,CG,2
FR,CH,196
FR,CI,4
FR,CL,22
FR,CM,10
FR,CN,196
FR,CO,50
FR,CR,2
FR,CU,3
FR,CY,2
FR,CZ,25
FR,DE,351
FR,DK,40
FR,DO,1
FR,DZ,38
FR,EC,11
FR,EE,4
FR,EG,23
FR,ES,475
FR,ET,4
FR,FI,33
FR,FJ,1
FR,GB,499
FR,GF,4
FR,GH,3
FR,GN,3
FR,GP,8
FR,GR,56
FR,GT,4
FR,HK,5
FR,HR,6
FR,HT,2
FR,HU,9
FR,ID,9
FR,IE,39
FR,IL,25
FR,IN,167
FR,IQ,4
FR,IR,20
FR,IS,1
FR,IT,420
FR,JO,7
FR,JP,89
FR,KE,1
FR,KH,2
FR,KM,1
FR,KR,41
FR,KW,1
FR,KZ,3
FR,LB,62
FR,LK,1
FR,LT,4
FR,LU,10
FR,LV,2
FR,MA,22
FR,MC,1
FR,MD,3
FR,MG,2
FR,MK,1
FR,ML,2
FR,MR,1
FR,MT,3
FR,MU,3
FR,MX,53
FR,MY,6
FR,MZ,1
FR,NC,3
FR,NG,5
FR,NL,135
FR,NO,18
FR,NP,2
FR,NZ,15
FR,OM,1
FR,PA,2
FR,PE,20
FR,PF,3
FR,PH,4
FR,PK,11
FR,PL,33
FR,PS,2
FR,PT,149
FR,PY,1
FR,QA,4
FR,RE,9
FR,RO,25
FR,RS,9
FR,RU,57
FR,SA,12
FR,SD,1
FR,SE,85
FR,SG,27
FR,SI,4
FR,SK,4
FR,SN,10
FR,SY,12
FR,SZ,1
FR,TG,2
FR,TH,7
FR,TN,42
FR,TR,37
FR,TW,15
FR,UA,17
FR,UG,1
FR,US,633
FR,UY,2
FR,VE,10
FR,VN,36
FR,YT,1
FR,ZA,19
GA,CA,1
GA,CM,1
GA,ES,2
GA,FR,1
GA,MA,1
GA,SN,2
GB,AE,39
GB,AF,1
GB,AL,2
GB,AR,28
GB,AT,129
GB,AU,708
GB,AZ,6
GB,BA,2
GB,BB,4
GB,BD,54
GB,BE,230
GB,BG,11
GB,BH,7
GB,BJ,1
GB,BM,1
GB,BN,6
GB,BO,3
GB,BR,362
GB,BS,2
GB,BT,3
GB,BW,1
GB,BY,4
GB,CA,523
GB,CD,1
GB,CG,1
GB,CH,382
GB,CI,1
GB,CL,101
GB,CM,9
GB,CN,711
GB,CO,75
GB,CR,6
GB,CU,7
GB,CY,40
GB,CZ,55
GB,DE,1014
GB,DK,201
GB,DO,2
GB,DZ,4
GB,EC,42
GB,EE,13
GB,EG,90
GB,ES,1028
GB,ET,17
GB,FI,110
GB,FJ,6
GB,FK,1
GB,FR,772
GB,GE,3
GB,GG,1
GB,GH,44
GB,GM,7
GB,GR,403
GB,GY,1
GB,HK,110
GB,HR,27
GB,HU,83
GB,ID,85
GB,IE,522
GB,IL,60
GB,IM,2
GB,IN,496
GB,IQ,95
GB,IR,90
GB,IS,12
GB,IT,958
GB,JE,3
GB,JM,2
GB,JO,43
GB,JP,171
GB,KE,48
GB,KG,1
GB,KH,4
GB,KM,1
GB,KR,125
GB,KW,5
GB,KY,1
GB,KZ,17
GB,LA,3
GB,LB,28
GB,LK,63
GB,LR,3
GB,LT,11
GB,LU,11
GB,LV,4
GB,LY,27
GB,MA,2
GB,MC,1
GB,MD,1
GB,ME,2
GB,MF,1
GB,MM,4
GB,MO,3
GB,MT,16
GB,MU,4
GB,MW,10
GB,MX,183
GB,MY,172
GB,MZ,4
GB,NE,1
GB,NG,199
GB,NI,1
GB,NL,563
GB,NO,71
GB,NP,12
GB,NZ,127
GB,OM,12
GB,PA,2
GB,PE,16
GB,PF,1
GB,PG,1
GB,PH,25
GB,PK,101
GB,PL,103
GB,PR,2
GB,PS,12
GB,PT,463
GB,QA,27
GB,RO,45
GB,RS,13
GB,RU,93
GB,RW,2
GB,SA,68
GB,SC,2
GB,SD,18
GB,SE,263
GB,SG,139
GB,SI,23
GB,SK,6
GB,SL,3
GB,SN,1
GB,SO,1
GB,SS,2
GB,SY,15
GB,TC,1
GB,TH,44
GB,TL,1
GB,TN,1
GB,TR,183
GB,TT,7
GB,TW,57
GB,TZ,7
GB,UA,18
GB,UG,30
GB,US,2350
GB,UY,1
GB,UZ,1
GB,VA,1
GB,VE,15
GB,VN,25
GB,VU,1
GB,ZA,141
GB,ZM,5
GB,ZW,10
GD,DE,1
GD,NG,1
GD,SD,1
GD,US,12
GE,AT,1
GE,DE,1
GE,ES,2
GE,GB,1
GE,HU,1
GE,IT,2
GE,NL,1
GE,PT,1
GE,RU,1
GE,SE,1
GE,TR,2
GE,UA,1
GE,US,2
GF,AU,1
GF,DE,1
GF,FR,6
GF,GP,1
GF,LA,1
GF,TH,1
GF,ZA,1
GG,AU,1
GG,GB,1
GH,AU,11
GH,BE,1
GH,BF,2
GH,BJ,2
GH,BR,1
GH,CA,4
GH,CD,1
GH,CH,2
GH,CM,4
GH,CN,13
GH,CU,1
GH,CZ,1
GH,DE,13
GH,DK,4
GH,DZ,1
GH,EG,1
GH,ES,2
GH,ET,4
GH,FI,2
GH,FR,4
GH,GB,79
GH,IL,1
GH,IN,4
GH,IT,5
GH,JP,1
GH,KE,5
GH,KR,1
GH,MA,1
GH,MG,1
GH,ML,3
GH,MY,2
GH,NG,25
GH,NL,15
GH,NO,3
GH,NZ,1
GH,PH,1
GH,PL,1
GH,PT,2
GH,RO,1
GH,SD,1
GH,SE,5
GH,SL,2
GH,TG,2
GH,TH,2
GH,TR,2
GH,UA,1
GH,UG,3
GH,US,30
GH,VI,1
GH,ZA,16
GH,ZW,1
GI,DE,1
GI,ES,1
GI,GB,2
GI,IT,1
GL,DK,11
GL,IS,1
GL,NO,1
GL,US,1
GM,BE,1
GM,CN,1
GM,CU,1
GM,GB,6
GM,NG,3
GM,NP,1
GM,SZ,1
GM,TR,1
GM,US,1
GN,BE,2
GN,BJ,1
GN,CI,1
GN,FR,1
GN,GB,1
GN,IT,1
GN,MA,2
GN,ML,1
GN,SN,2
GN,TG,2
GP,ES,1
GP,FR,5
GP,IT,1
GP,MQ,1
GP,NC,1
GP,PT,1
GQ,ES,1
GQ,ET,1
GQ,ZA,1
GR,AE,2
GR,AT,3
GR,AU,7
GR,BE,14
GR,BR,1
GR,CA,7
GR,CH,6
GR,CN,4
GR,CY,15
GR,CZ,4
GR,DE,27
GR,DK,5
GR,DZ,2
GR,ES,22
GR,FI,4
GR,FR,31
GR,GB,159
GR,GE,1
GR,HU,9
GR,IE,4
GR,IN,6
GR,IR,1
GR,IS,1
GR,IT,21
GR,JP,2
GR,KR,3
GR,KZ,1
GR,LB,1
GR,ME,1
GR,MT,1
GR,MX,1
GR,NL,14
GR,NO,2
GR,NP,1
GR,NZ,1
GR,PL,4
GR,PT,6
GR,QA,3
GR,RO,4
GR,RS,2
GR,SE,7
GR,SG,1
GR,SI,2
GR,SK,3
GR,TH,2
GR,TN,2
GR,TR,3
GR,UA,2
GR,US,53
GT,AU,1
GT,BD,1
GT,BR,3
GT,CA,1
GT,CO,2
GT,CU,1
GT,DE,1
GT,EC,2
GT,ES,7
GT,FR,2
GT,GB,4
GT,HN,2
GT,IL,2
GT,IN,1
GT,KR,2
GT,MX,4
GT,PE,1
GT,PT,1
GT,SC,1
GT,SN,1
GT,SV,1
GT,US,7
GU,ES,1
GU,MP,1
GU,US,4
GW,AO,1
GW,BR,3
GW,CH,1
GW,PT,1
GW,SN,1
GW,TL,2
GY,CH,1
GY,CU,1
GY,GB,1
GY,IN,3
GY,IQ,1
GY,NG,1
GY,NL,1
GY,NP,2
GY,TZ,1
GY,US,1
GY,ZA,1
GY,ZW,1
HK,AE,2
HK,AT,4
HK,AU,59
HK,AZ,1
HK,BD,6
HK,BE,3
HK,BH,1
HK,BR,1
HK,BY,1
HK,CA,39
HK,CH,8
HK,CN,634
HK,CZ,2
HK,DE,35
HK,DK,3
HK,EC,1
HK,EE,1
HK,EG,2
HK,ES,6
HK,ET,1
HK,FI,3
HK,FR,12
HK,GB,142
HK,GH,3
HK,GR,1
HK,HU,1
HK,ID,4
HK,IE,4
HK,IL,1
HK,IN,25
HK,IR,8
HK,IT,9
HK,JP,23
HK,KE,1
HK,KR,24
HK,KZ,1
HK,LK,3
HK,LU,1
HK,MO,3
HK,MX,3
HK,MY,4
HK,NG,9
HK,NL,16
HK,NO,4
HK,NP,1
HK,NZ,9
HK,PH,9
HK,PK,18
HK,PS,1
HK,PT,4
HK,RS,1
HK,RU,3
HK,SA,6
HK,SE,3
HK,SG,56
HK,TH,4
HK,TR,1
HK,TT,1
HK,TW,16
HK,UG,1
HK,US,257
HK,VN,3
HK,ZA,2
HK,ZW,1
HN,BR,2
HN,CL,1
HN,CR,2
HN,CU,2
HN,DO,1
HN,ES,7
HN,GT,1
HN,IT,1
HN,MX,1
HN,MZ,1
HN,US,6
HR,AL,1
HR,AT,4
HR,AU,2
HR,BA,7
HR,BE,1
HR,BR,1
HR,CA,2
HR,CH,5
HR,CR,1
HR,CZ,3
HR,DE,14
HR,ES,8
HR,FI,1
HR,FR,8
HR,GB,11
HR,HK,1
HR,HU,4
HR,IE,1
HR,IT,16
HR,JP,2
HR,KZ,1
HR,LU,1
HR,MK,1
HR,NL,4
HR,PT,5
HR,RS,5
HR,RU,1
HR,SE,1
HR,SI,17
HR,TR,1
HR,UA,1
HR,US,9
HT,BR,1
HT,DO,1
HT,FR,1
HT,GB,1
HT,MQ,1
HT,PA,1
HT,US,3
HU,AL,1
HU,AT,15
HU,AU,4
HU,AZ,2
HU,BE,12
HU,BR,8
HU,CA,5
HU,CH,9
HU,CN,2
HU,CZ,4
HU,DE,35
HU,DK,3
HU,DZ,2
HU,EC,7
HU,EE,1
HU,EG,2
HU,ES,11
HU,ET,1
HU,FI,4
HU,FR,11
HU,GB,50
HU,GE,1
HU,GH,2
HU,GR,1
HU,HR,5
HU,IE,2
HU,IL,1
HU,IN,18
HU,IQ,2
HU,IR,3
HU,IT,12
HU,JO,2
HU,JP,4
HU,KE,1
HU,KR,4
HU,KW,1
HU,LK,1
HU,LT,1
HU,LY,1
HU,MT,1
HU,MX,3
HU,NA,1
HU,NG,3
HU,NL,11
HU,NO,4
HU,NP,1
HU,NZ,1
HU,PK,1
HU,PL,3
HU,PS,2
HU,PT,8
HU,RO,16
HU,RS,6
HU,RU,3
HU,SD,1
HU,SE,3
HU,SG,1
HU,SI,2
HU,SK,1
HU,SY,3
HU,TR,6
HU,TW,3
HU,UA,6
HU,US,42
HU,VN,2
HU,ZA,2
ID,AT,6
ID,AU,137
ID,BD,2
ID,BE,6
ID,BG,1
ID,BN,1
ID,CA,10
ID,CH,4
ID,CN,5
ID,CZ,1
ID,DE,30
ID,EG,2
ID,ES,3
ID,ET,1
ID,FR,23
ID,GB,65
ID,HK,2
ID,HU,1
ID,IN,10
ID,IT,9
ID,JP,107
ID,KH,2
ID,KR,25
ID,LY,2
ID,MC,1
ID,MM,1
ID,MW,1
ID,MY,100
ID,NG,1
ID,NL,46
ID,NO,4
ID,NP,4
ID,NZ,4
ID,PH,9
ID,PK,2
ID,PL,1
ID,PT,1
ID,RU,1
ID,RW,2
ID,SA,6
ID,SD,1
ID,SE,9
ID,SG,14
ID,TH,25
ID,TN,1
ID,TR,5
ID,TW,58
ID,US,56
ID,VN,1
ID,ZA,1
ID,ZW,1
IE,AE,3
IE,AL,1
IE,AR,3
IE,AT,9
IE,AU,46
IE,BA,3
IE,BD,3
IE,BE,20
IE,BG,6
IE,BH,2
IE,BR,53
IE,CA,50
IE,CH,12
IE,CL,1
IE,CN,44
IE,CO,2
IE,CY,3
IE,CZ,5
IE,DE,73
IE,DK,12
IE,EE,1
IE,EG,9
IE,ES,110
IE,FI,9
IE,FR,69
IE,GB,419
IE,GH,2
IE,GI,1
IE,GR,14
IE,HK,4
IE,HR,4
IE,HU,7
IE,ID,3
IE,IL,2
IE,IM,1
IE,IN,103
IE,IR,12
IE,IS,1
IE,IT,92
IE,JM,1
IE,JO,1
IE,JP,13
IE,KE,2
IE,KR,16
IE,KW,1
IE,KZ,1
IE,LB,2
IE,LU,4
IE,LY,3
IE,MG,1
IE,MU,1
IE,MX,3
IE,MY,11
IE,NG,15
IE,NL,26
IE,NO,10
IE,NZ,6
IE,OM,2
IE,PG,1
IE,PH,1
IE,PK,15
IE,PL,11
IE,PS,1
IE,PT,30
IE,QA,2
IE,RO,13
IE,RS,4
IE,RU,10
IE,SA,8
IE,SD,3
IE,SE,15
IE,SG,12
IE,SI,1
IE,SK,1
IE,SY,1
IE,TC,1
IE,TH,2
IE,TN,1
IE,TR,12
IE,TW,4
IE,TZ,1
IE,UA,1
IE,US,177
IE,VN,1
IE,ZA,6
IE,ZW,1
IL,AR,1
IL,AT,7
IL,AU,6
IL,BE,8
IL,BR,6
IL,CA,33
IL,CH,11
IL,CL,4
IL,CM,1
IL,CN,37
IL,CO,2
IL,CY,1
IL,CZ,1
IL,DE,44
IL,DK,1
IL,EG,1
IL,ES,15
IL,ET,5
IL,FI,2
IL,FR,21
IL,GB,47
IL,GR,2
IL,GT,1
IL,HK,1
IL,HU,8
IL,IE,2
IL,IN,157
IL,IT,18
IL,JP,4
IL,KE,1
IL,KR,8
IL,LK,1
IL,LT,2
IL,LV,1
IL,MX,5
IL,NG,3
IL,NL,13
IL,NO,2
IL,NZ,1
IL,PL,9
IL,PS,2
IL,PT,5
IL,PY,1
IL,RO,1
IL,RS,2
IL,RU,24
IL,SE,2
IL,SG,5
IL,SI,2
IL,SK,1
IL,TH,1
IL,TR,3
IL,TW,4
IL,UA,11
IL,UG,1
IL,US,211
IL,VN,2
IL,ZA,3
IM,DK,1
IM,ES,1
IM,GB,1
IM,IT,2
IN,AE,17
IN,AF,3
IN,AT,10
IN,AU,64
IN,AW,1
IN,BD,15
IN,BE,27
IN,BG,1
IN,BH,3
IN,BN,1
IN,BR,11
IN,BS,1
IN,BT,2
IN,BW,2
IN,BY,1
IN,CA,71
IN,CD,1
IN,CH,29
IN,CL,3
IN,CM,1
IN,CN,36
IN,CO,1
IN,CU,1
IN,CV,1
IN,CY,3
IN,CZ,7
IN,DE,174
IN,DK,11
IN,DM,1
IN,EE,2
IN,EG,1
IN,ER,1
IN,ES,32
IN,ET,34
IN,FI,16
IN,FJ,1
IN,FR,67
IN,GB,291
IN,GE,1
IN,GH,4
IN,GN,1
IN,GR,3
IN,GY,1
IN,HK,8
IN,HU,2
IN,ID,4
IN,IE,15
IN,IL,22
IN,IQ,3
IN,IR,8
IN,IS,2
IN,IT,55
IN,JO,3
IN,JP,77
IN,KN,1
IN,KR,125
IN,KW,1
IN,LB,1
IN,LK,6
IN,LV,2
IN,LY,2
IN,MK,1
IN,MO,1
IN,MU,3
IN,MV,3
IN,MX,8
IN,MY,46
IN,NA,1
IN,NG,32
IN,NL,42
IN,NO,11
IN,NP,35
IN,NZ,12
IN,OM,12
IN,PE,2
IN,PH,7
IN,PK,1
IN,PL,3
IN,PS,1
IN,PT,32
IN,QA,6
IN,RU,10
IN,SA,39
IN,SC,2
IN,SE,49
IN,SG,89
IN,SK,1
IN,SO,2
IN,SY,5
IN,TH,8
IN,TJ,1
IN,TR,5
IN,TW,36
IN,TZ,7
IN,UA,2
IN,UG,1
IN,US,620
IN,VN,2
IN,YE,5
IN,ZA,28
IN,ZM,2
IO,BR,2
IQ,AT,1
IQ,AU,16
IQ,BH,1
IQ,BY,1
IQ,CA,1
IQ,CH,1
IQ,CN,3
IQ,CY,5
IQ,CZ,1
IQ,DE,6
IQ,DZ,1
IQ,EG,8
IQ,FI,1
IQ,FR,6
IQ,GB,133
IQ,GR,1
IQ,HU,2
IQ,IE,2
IQ,IN,27
IQ,IR,5
IQ,IT,3
IQ,JO,6
IQ,JP,1
IQ,KR,1
IQ,KW,1
IQ,KZ,1
IQ,LB,3
IQ,LY,4
IQ,MY,64
IQ,NL,2
IQ,NZ,2
IQ,RO,2
IQ,RU,7
IQ,SD,2
IQ,SE,2
IQ,SY,7
IQ,TR,15
IQ,TW,1
IQ,UA,2
IQ,US,36
IQ,ZA,1
IR,AE,4
IR,AT,5
IR,AU,37
IR,BD,1
IR,BE,5
IR,BR,2
IR,CA,32
IR,CH,8
IR,CN,6
IR,CY,3
IR,DE,35
IR,DK,7
IR,ES,5
IR,ET,1
IR,FI,1
IR,FR,15
IR,GB,35
IR,GH,1
IR,HK,2
IR,HU,6
IR,IE,3
IR,IN,22
IR,IQ,2
IR,IT,29
IR,JP,17
IR,KR,10
IR,KW,1
IR,KZ,1
IR,LB,2
IR,MX,1
IR,MY,94
IR,NG,3
IR,NL,23
IR,NO,5
IR,NZ,4
IR,PK,5
IR,PL,2
IR,PT,5
IR,RU,2
IR,SE,17
IR,SG,6
IR,SI,1
IR,SY,2
IR,SZ,1
IR,TJ,1
IR,TR,12
IR,TW,2
IR,UG,1
IR,US,54
IR,ZA,2
IR,ZW,1
IS,AT,1
IS,AU,3
IS,BE,2
IS,CA,4
IS,CH,2
IS,CN,1
IS,CZ,1
IS,DE,14
IS,DK,9
IS,ES,2
IS,FI,5
IS,FR,5
IS,GB,10
IS,GR,1
IS,HU,1
IS,IE,2
IS,IL,1
IS,IN,5
IS,IR,1
IS,IT,7
IS,JP,2
IS,MX,2
IS,NL,5
IS,NO,5
IS,PK,1
IS,PT,4
IS,RU,1
IS,SE,9
IS,SI,1
IS,US,23
IS,ZA,1
IT,AE,2
IT,AL,10
IT,AM,2
IT,AR,15
IT,AT,52
IT,AU,49
IT,AZ,2
IT,BA,3
IT,BD,9
IT,BE,73
IT,BG,4
IT,BN,1
IT,BR,123
IT,CA,55
IT,CH,140
IT,CL,12
IT,CM,3
IT,CN,55
IT,CO,28
IT,CR,4
IT,CU,3
IT,CY,4
IT,CZ,13
IT,DE,263
IT,DK,36
IT,DZ,3
IT,EC,9
IT,EE,5
IT,EG,19
IT,ES,320
IT,ET,11
IT,FI,16
IT,FR,317
IT,GA,1
IT,GB,436
IT,GD,1
IT,GG,1
IT,GH,11
IT,GR,40
IT,GT,3
IT,HK,6
IT,HR,4
IT,HU,19
IT,ID,3
IT,IE,28
IT,IL,10
IT,IN,129
IT,IR,74
IT,IS,7
IT,JO,4
IT,JP,23
IT,KE,4
IT,KP,1
IT,KR,17
IT,KW,1
IT,KZ,3
IT,LB,10
IT,LK,1
IT,LT,2
IT,LU,4
IT,LY,2
IT,MA,5
IT,MD,1
IT,MG,1
IT,MT,2
IT,MW,1
IT,MX,26
IT,MY,7
IT,MZ,1
IT,NG,7
IT,NL,116
IT,NO,12
IT,NZ,6
IT,OM,1
IT,PA,1
IT,PE,5
IT,PH,3
IT,PK,28
IT,PL,23
IT,PS,3
IT,PT,89
IT,PY,6
IT,QA,2
IT,RO,9
IT,RS,13
IT,RU,27
IT,SA,7
IT,SD,3
IT,SE,68
IT,SG,7
IT,SI,12
IT,SK,3
IT,SL,1
IT,SM,3
IT,SN,2
IT,SO,1
IT,SS,1
IT,SY,3
IT,SZ,1
IT,TH,7
IT,TL,1
IT,TN,5
IT,TR,36
IT,TW,5
IT,TZ,1
IT,UA,5
IT,UG,1
IT,US,441
IT,UY,1
IT,VE,6
IT,VN,7
IT,YE,1
IT,ZA,4
IT,ZW,1
JE,FR,1
JE,GB,4
JE,IT,1
JM,CA,1
JM,JP,1
JM,US,6
JM,ZA,2
JO,AE,8
JO,AT,2
JO,AU,20
JO,BE,4
JO,BH,1
JO,CA,9
JO,CH,3
JO,CN,2
JO,CO,1
JO,CY,1
JO,DE,13
JO,DK,1
JO,DZ,1
JO,EG,11
JO,ES,2
JO,FI,1
JO,FR,6
JO,GB,61
JO,GR,2
JO,IE,2
JO,IN,5
JO,IQ,6
JO,IT,6
JO,JP,4
JO,KR,2
JO,LB,1
JO,LY,1
JO,MY,25
JO,NP,1
JO,NZ,2
JO,OM,1
JO,PK,1
JO,PS,9
JO,QA,2
JO,RO,1
JO,RS,1
JO,RU,1
JO,SA,33
JO,SD,3
JO,SE,3
JO,SY,12
JO,TW,2
JO,UA,3
JO,US,104
JO,VN,1
JO,YE,5
JP,AF,4
JP,AR,2
JP,AT,16
JP,AU,106
JP,BD,72
JP,BE,23
JP,BF,1
JP,BG,5
JP,BO,2
JP,BR,26
JP,BT,2
JP,BW,3
JP,CA,70
JP,CD,1
JP,CH,39
JP,CL,3
JP,CM,1
JP,CN,342
JP,CO,6
JP,CR,2
JP,CU,1
JP,CZ,8
JP,DE,141
JP,DK,14
JP,DZ,3
JP,EC,3
JP,EG,29
JP,ES,46
JP,ET,6
JP,FI,10
JP,FJ,1
JP,FR,113
JP,GB,231
JP,GH,2
JP,GR,3
JP,HK,24
JP,HR,2
JP,HU,7
JP,ID,129
JP,IE,10
JP,IL,13
JP,IN,209
JP,IR,20
JP,IT,36
JP,JM,1
JP,JO,1
JP,KE,7
JP,KH,2
JP,KR,95
JP,KZ,2
JP,LA,1
JP,LK,10
JP,LT,1
JP,LU,1
JP,LV,1
JP,MG,1
JP,MM,8
JP,MN,6
JP,MX,15
JP,MY,45
JP,MZ,1
JP,NG,8
JP,NL,34
JP,NO,3
JP,NP,8
JP,NZ,13
JP,PE,6
JP,PG,1
JP,PH,36
JP,PK,10
JP,PL,9
JP,PS,1
JP,PT,17
JP,PY,1
JP,QA,2
JP,RE,1
JP,RS,1
JP,RU,18
JP,RW,1
JP,SA,9
JP,SD,3
JP,SE,31
JP,SG,35
JP,SK,1
JP,SN,1
JP,SY,1
JP,TH,46
JP,TJ,1
JP,TR,17
JP,TT,1
JP,TW,65
JP,TZ,2
JP,UA,6
JP,UG,6
JP,US,605
JP,UY,1
JP,UZ,2
JP,VE,3
JP,VN,64
JP,ZA,8
JP,ZM,1
KE,AR,1
KE,AU,8
KE,BE,16
KE,BF,2
KE,BJ,3
KE,BW,2
KE,CA,7
KE,CD,2
KE,CH,3
KE,CM,4
KE,CN,8
KE,DE,20
KE,DK,3
KE,DZ,1
KE,ER,3
KE,ES,5
KE,ET,9
KE,FR,3
KE,GB,60
KE,GH,9
KE,GM,1
KE,HU,1
KE,IE,1
KE,IN,10
KE,IT,5
KE,JP,9
KE,KR,1
KE,ML,3
KE,MZ,1
KE,NG,11
KE,NL,13
KE,NO,3
KE,NZ,2
KE,PE,1
KE,PH,1
KE,PK,1
KE,PT,1
KE,QA,1
KE,RU,4
KE,RW,4
KE,SA,1
KE,SD,1
KE,SE,4
KE,SN,1
KE,SO,4
KE,SS,2
KE,SY,1
KE,TD,1
KE,TG,2
KE,TW,1
KE,TZ,11
KE,UG,11
KE,US,54
KE,ZA,51
KE,ZM,2
KE,ZW,3
KG,AE,1
KG,AF,1
KG,CH,1
KG,FR,1
KG,GB,1
KG,GE,1
KG,HU,3
KG,IT,1
KG,KZ,1
KG,MY,1
KG,PL,1
KG,RU,5
KG,TR,2
KG,US,4
KG,UZ,2
KH,AO,1
KH,AU,4
KH,BD,3
KH,BR,2
KH,DE,1
KH,ES,1
KH,FR,7
KH,GB,2
KH,GR,1
KH,HK,1
KH,IN,1
KH,KR,1
KH,LK,1
KH,LR,1
KH,MM,1
KH,MN,1
KH,NG,1
KH,NL,4
KH,PH,3
KH,RU,1
KH,TH,5
KH,TL,1
KH,TW,1
KH,US,6
KH,VN,2
KI,AU,1
KI,FJ,1
KM,FR,1
KM,MA,1
KM,MG,2
KN,BE,1
KN,CN,1
KN,DK,1
KN,GB,1
KN,GD,1
KN,IN,1
KN,PR,1
KN,PT,1
KN,US,2
KP,IT,1
KP,NO,1
KR,AE,6
KR,AF,1
KR,AR,4
KR,AT,4
KR,AU,51
KR,AZ,2
KR,BD,81
KR,BE,10
KR,BI,2
KR,BR,4
KR,CA,40
KR,CH,21
KR,CL,1
KR,CM,1
KR,CN,108
KR,CO,3
KR,CZ,1
KR,DE,62
KR,DK,3
KR,EC,8
KR,EG,13
KR,ES,11
KR,ET,21
KR,FI,6
KR,FR,42
KR,GB,96
KR,GH,8
KR,GR,4
KR,GT,1
KR,HK,9
KR,HU,5
KR,ID,52
KR,IE,4
KR,IL,6
KR,IN,424
KR,IR,20
KR,IS,1
KR,IT,14
KR,JO,2
KR,JP,138
KR,KE,3
KR,KH,5
KR,KP,1
KR,KZ,3
KR,LB,1
KR,LK,17
KR,MA,4
KR,MN,8
KR,MX,1
KR,MY,24
KR,NG,6
KR,NL,16
KR,NO,1
KR,NP,38
KR,NZ,9
KR,OM,1
KR,PE,4
KR,PH,33
KR,PK,138
KR,PL,4
KR,PT,5
KR,QA,3
KR,RO,2
KR,RS,1
KR,RU,7
KR,RW,2
KR,SA,13
KR,SD,1
KR,SE,13
KR,SG,26
KR,SI,2
KR,SK,1
KR,SN,1
KR,SV,1
KR,SY,1
KR,TH,3
KR,TN,1
KR,TR,5
KR,TW,12
KR,TZ,4
KR,UA,1
KR,UG,5
KR,US,989
KR,UZ,6
KR,VN,112
KR,YE,2
KR,ZA,8
KR,ZW,1
KW,AE,1
KW,AT,1
KW,AU,3
KW,BA,1
KW,CA,10
KW,CN,1
KW,DE,3
KW,DK,1
KW,EG,10
KW,ES,2
KW,GB,17
KW,GR,3
KW,IE,3
KW,IN,11
KW,JO,5
KW,JP,1
KW,KR,1
KW,LB,2
KW,LT,1
KW,MX,1
KW,MY,5
KW,NZ,2
KW,PH,1
KW,PK,1
KW,PL,2
KW,QA,1
KW,RS,1
KW,SA,5
KW,SG,1
KW,SY,2
KW,TR,7
KW,TW,1
KW,US,28
KW,ZA,1
KY,BB,1
KY,GB,2
KY,US,1
KZ,AT,2
KZ,AU,6
KZ,BE,1
KZ,BY,1
KZ,CA,4
KZ,CH,2
KZ,CN,2
KZ,CY,1
KZ,DE,4
KZ,ES,3
KZ,FR,6
KZ,GB,28
KZ,GR,1
KZ,ID,1
KZ,IE,1
KZ,IL,1
KZ,IN,1
KZ,IR,1
KZ,IT,7
KZ,JP,1
KZ,KG,3
KZ,KR,5
KZ,LT,1
KZ,LV,1
KZ,MY,3
KZ,NZ,1
KZ,OM,1
KZ,PH,3
KZ,PK,1
KZ,PL,2
KZ,RU,34
KZ,SA,1
KZ,SE,2
KZ,SG,3
KZ,SI,1
KZ,TR,7
KZ,UA,2
KZ,US,28
KZ,UZ,4
KZ,ZA,1
LA,CN,1
LA,EG,1
LA,FR,1
LA,GB,1
LA,IN,4
LA,JP,1
LA,KH,1
LA,KR,1
LA,NL,2
LA,PE,1
LA,PH,1
LA,SE,1
LA,US,1
LB,AE,3
LB,AU,3
LB,BE,6
LB,BY,1
LB,CA,7
LB,CH,2
LB,CR,1
LB,DE,8
LB,EG,11
LB,ES,3
LB,FR,48
LB,GB,16
LB,GR,1
LB,IN,1
LB,IQ,1
LB,IR,3
LB,IT,4
LB,JO,1
LB,LU,1
LB,MY,1
LB,NL,3
LB,NZ,1
LB,PH,1
LB,PS,1
LB,QA,3
LB,SA,5
LB,SD,1
LB,SE,1
LB,SY,3
LB,TN,2
LB,TR,2
LB,UA,1
LB,US,28
LB,YE,1
LB,ZM,1
LC,AU,1
LC,AW,1
LC,CM,1
LC,IN,1
LC,US,1
LI,AT,2
LI,CH,3
LI,DE,1
LI,GB,1
LK,AF,1
LK,AT,1
LK,AU,22
LK,BD,5
LK,BN,1
LK,CA,4
LK,CH,1
LK,CN,1
LK,CZ,1
LK,DE,9
LK,DK,1
LK,GB,56
LK,GH,2
LK,GR,1
LK,HK,1
LK,IE,3
LK,IN,20
LK,IT,1
LK,JM,1
LK,JP,12
LK,KH,1
LK,KR,3
LK,MY,7
LK,NL,3
LK,NO,3
LK,NZ,2
LK,PK,2
LK,SE,2
LK,SG,1
LK,TH,4
LK,US,22
LK,VN,1
LK,ZA,3
LK,ZM,1
LR,AU,1
LR,BR,1
LR,CN,1
LR,ET,2
LR,GB,3
LR,GH,2
LR,IE,1
LR,IN,1
LR,KE,1
LR,NG,6
LR,PT,1
LR,TZ,1
LR,US,3
LR,ZW,1
LS,BE,1
LS,BW,1
LS,GB,1
LS,IN,1
LS,MW,2
LS,ZA,10
LS,ZW,1
LT,AZ,1
LT,BE,2
LT,BG,1
LT,BR,1
LT,CA,1
LT,CH,3
LT,CZ,2
LT,DE,7
LT,DK,1
LT,EG,1
LT,FI,2
LT,GB,12
LT,IN,7
LT,IR,1
LT,IT,8
LT,JP,1
LT,KR,1
LT,LV,1
LT,PL,1
LT,PT,5
LT,RU,3
LT,SE,2
LT,TR,1
LT,UA,2
LT,US,7
LU,AT,3
LU,AU,3
LU,BE,14
LU,BR,2
LU,CA,3
LU,CH,4
LU,CN,1
LU,CU,1
LU,CZ,3
LU,DE,34
LU,DK,3
LU,EG,1
LU,ES,12
LU,FI,4
LU,FR,34
LU,GB,17
LU,GR,6
LU,HR,1
LU,IE,3
LU,IL,1
LU,IN,2
LU,IS,1
LU,IT,20
LU,JP,2
LU,KE,1
LU,KR,1
LU,MZ,1
LU,NG,1
LU,NL,8
LU,NO,1
LU,PL,1
LU,PT,11
LU,RU,4
LU,SE,3
LU,SG,5
LU,TR,1
LU,US,11
LU,VN,1
LU,ZA,2
LV,AZ,1
LV,BE,1
LV,BR,2
LV,BY,1
LV,CU,1
LV,CZ,1
LV,DE,2
LV,DK,4
LV,EE,6
LV,ES,1
LV,FI,1
LV,FR,2
LV,GB,1
LV,HK,1
LV,IL,1
LV,IN,1
LV,IT,2
LV,LT,3
LV,RU,3
LV,SE,3
LV,TW,1
LV,US,5
LY,AU,5
LY,EG,3
LY,FI,1
LY,FR,1
LY,GB,21
LY,IE,1
LY,IN,1
LY,MT,2
LY,MY,6
LY,PH,1
LY,PT,1
LY,SE,1
LY,US,5
LY,ZA,1
MA,AT,1
MA,BE,2
MA,CA,4
MA,CD,1
MA,CH,1
MA,CI,1
MA,DZ,1
MA,EG,1
MA,ES,7
MA,FI,1
MA,FR,23
MA,GB,3
MA,GM,1
MA,GN,2
MA,IN,1
MA,IT,2
MA,JP,1
MA,LA,1
MA,LV,1
MA,MY,1
MA,PL,1
MA,PT,2
MA,SA,1
MA,SI,1
MA,SN,1
MA,TN,2
MA,US,3
MC,AU,1
MC,CH,1
MC,FR,2
MC,GB,1
MC,IE,1
MC,IT,1
MC,KE,1
MC,PT,1
MC,US,1
MD,DE,2
MD,ES,1
MD,FR,1
MD,PT,1
MD,RU,2
MD,UA,1
MD,US,1
MD,VN,1
ME,BA,1
ME,CA,1
ME,DK,1
ME,GB,1
ME,PT,1
ME,RS,9
ME,US,2
MF,NC,1
MG,BE,5
MG,CA,1
MG,CG,1
MG,CM,2
MG,ES,1
MG,FR,8
MG,GB,1
MG,LA,2
MG,MA,1
MG,RE,2
MG,US,1
MH,US,1
MK,AL,1
MK,BG,1
MK,CA,1
MK,DE,2
MK,ES,1
MK,GB,4
MK,HR,1
MK,IN,1
MK,IT,1
MK,NG,1
MK,PL,1
MK,RS,2
MK,SI,1
MK,TR,4
ML,AU,1
ML,BF,2
ML,CN,1
ML,DE,1
ML,DZ,1
ML,FR,1
ML,GH,1
ML,IN,2
ML,JP,1
ML,KE,1
ML,MA,1
ML,NL,1
ML,RU,1
ML,SE,1
ML,SN,1
ML,UG,1
ML,US,1
MM,AT,1
MM,AU,1
MM,BD,1
MM,BE,1
MM,CA,1
MM,CN,2
MM,DE,1
MM,FR,1
MM,GB,6
MM,ID,1
MM,JP,6
MM,MY,1
MM,NP,1
MM,PH,2
MM,TH,9
MM,UG,1
MM,US,1
MN,AU,3
MN,CN,1
MN,GB,2
MN,HU,1
MN,JP,5
MN,KR,9
MN,RU,1
MN,TR,1
MN,TW,2
MN,US,2
MO,AU,2
MO,BR,1
MO,CA,3
MO,CN,52
MO,DE,1
MO,DK,1
MO,ES,2
MO,FR,1
MO,GB,11
MO,GH,1
MO,HK,14
MO,ID,1
MO,IE,1
MO,IN,4
MO,JP,2
MO,MZ,1
MO,PH,1
MO,PK,1
MO,PT,11
MO,SE,1
MO,SG,5
MO,TW,1
MO,US,11
MO,VN,1
MP,US,2
MQ,ES,1
MQ,FR,3
MQ,GB,1
MQ,US,1
MR,FR,1
MR,MA,1
MR,SN,1
MS,AU,1
MS,US,2
MT,AE,1
MT,AT,1
MT,BR,1
MT,CH,1
MT,CR,1
MT,CZ,1
MT,DE,3
MT,ES,3
MT,FR,1
MT,GB,37
MT,IE,1
MT,IT,5
MT,LY,1
MT,MY,1
MT,NG,1
MT,NL,2
MT,SE,1
MT,US,3
MU,AU,1
MU,DE,1
MU,GB,3
MU,HK,1
MU,IN,1
MU,MG,1
MU,MY,1
MU,NG,1
MU,US,1
MV,AU,1
MV,BN,1
MV,GB,2
MV,IN,4
MV,MY,1
MV,NP,2
MV,NZ,1
MW,AU,2
MW,BE,1
MW,DE,1
MW,GB,19
MW,IE,1
MW,IN,1
MW,JP,2
MW,KE,2
MW,MV,1
MW,MZ,1
MW,NG,1
MW,NL,4
MW,NO,3
MW,TH,1
MW,TW,1
MW,TZ,2
MW,US,10
MW,ZA,9
MW,ZW,1
MX,AE,2
MX,AR,26
MX,AT,2
MX,AU,26
MX,BD,1
MX,BE,7
MX,BO,3
MX,BR,45
MX,BZ,1
MX,CA,60
MX,CH,9
MX,CL,22
MX,CN,6
MX,CO,302
MX,CR,12
MX,CU,79
MX,CZ,2
MX,DE,55
MX,DK,7
MX,DO,6
MX,EC,37
MX,EG,1
MX,ES,373
MX,FI,3
MX,FR,76
MX,GB,136
MX,GM,1
MX,GT,6
MX,HK,3
MX,HN,6
MX,HT,2
MX,HU,3
MX,ID,1
MX,IE,2
MX,IL,5
MX,IN,28
MX,IR,2
MX,IT,30
MX,JM,1
MX,JP,15
MX,KR,1
MX,KW,1
MX,KZ,1
MX,LU,3
MX,LV,1
MX,MA,1
MX,MY,2
MX,NG,1
MX,NI,3
MX,NL,16
MX,NO,1
MX,NP,1
MX,NZ,3
MX,PA,2
MX,PE,30
MX,PH,2
MX,PK,3
MX,PL,6
MX,PR,6
MX,PT,14
MX,PY,1
MX,RU,10
MX,SA,1
MX,SE,7
MX,SG,4
MX,SV,3
MX,UA,3
MX,US,334
MX,UY,4
MX,VE,27
MX,VN,1
MX,YT,1
MY,AE,9
MY,AM,1
MY,AU,147
MY,BD,102
MY,BE,4
MY,BH,2
MY,BJ,1
MY,BN,5
MY,CA,15
MY,CH,7
MY,CL,2
MY,CM,1
MY,CN,22
MY,CO,1
MY,CU,1
MY,CY,1
MY,DE,15
MY,DK,1
MY,DZ,4
MY,EG,16
MY,ES,5
MY,ET,2
MY,FJ,1
MY,FR,18
MY,GB,330
MY,GH,4
MY,GM,1
MY,GN,1
MY,GR,1
MY,HK,2
MY,ID,77
MY,IE,23
MY,IN,169
MY,IQ,40
MY,IR,43
MY,IT,5
MY,JO,19
MY,JP,88
MY,KH,1
MY,KR,16
MY,LB,1
MY,LK,5
MY,LY,13
MY,MA,1
MY,MG,1
MY,MM,7
MY,MO,1
MY,NG,102
MY,NL,12
MY,NO,4
MY,NZ,32
MY,OM,3
MY,PH,5
MY,PK,95
MY,PL,1
MY,PS,6
MY,PT,1
MY,QA,2
MY,RO,1
MY,RU,9
MY,SA,23
MY,SD,7
MY,SE,7
MY,SG,30
MY,SL,1
MY,SO,1
MY,SY,17
MY,TH,8
MY,TN,1
MY,TR,7
MY,TW,15
MY,TZ,1
MY,UA,3
MY,UG,1
MY,US,99
MY,UZ,1
MY,VN,6
MY,YE,12
MY,ZA,5
MY,ZW,1
MZ,AU,1
MZ,BE,1
MZ,BR,15
MZ,CN,1
MZ,CU,1
MZ,ES,6
MZ,FR,1
MZ,GB,1
MZ,GQ,1
MZ,IT,1
MZ,MW,1
MZ,NI,1
MZ,NL,1
MZ,NO,1
MZ,PA,1
MZ,PT,10
MZ,SN,1
MZ,TZ,1
MZ,US,2
MZ,VE,1
MZ,ZA,7
MZ,ZW,1
NA,AU,2
NA,CA,1
NA,DE,5
NA,GB,4
NA,GH,2
NA,IN,3
NA,KE,3
NA,NG,1
NA,QA,1
NA,SE,1
NA,US,4
NA,YE,1
NA,ZA,24
NA,ZM,1
NA,ZW,6
NC,AU,1
NC,BE,1
NC,FR,7
NC,GB,1
NC,GF,1
NC,GP,1
NC,PF,1
NE,BE,1
NE,BF,1
NE,BJ,1
NE,CA,2
NE,CF,1
NE,CU,1
NE,GB,1
NE,GH,1
NE,MA,1
NE,NG,2
NE,SN,3
NG,AE,1
NG,AT,1
NG,AU,3
NG,BE,3
NG,BJ,4
NG,BN,2
NG,BR,3
NG,BW,1
NG,CA,3
NG,CH,2
NG,CM,6
NG,CN,8
NG,CR,1
NG,CY,2
NG,CZ,1
NG,DE,11
NG,DK,1
NG,EG,1
NG,ES,3
NG,ET,7
NG,FI,2
NG,FR,6
NG,GB,165
NG,GE,1
NG,GH,14
NG,GM,1
NG,GR,1
NG,IE,1
NG,IL,3
NG,IN,22
NG,IS,1
NG,IT,8
NG,JO,2
NG,JP,4
NG,KE,3
NG,KG,1
NG,KR,1
NG,KW,1
NG,LB,1
NG,MK,2
NG,ML,1
NG,MM,1
NG,MY,44
NG,NE,1
NG,NL,15
NG,NZ,2
NG,PL,2
NG,PT,1
NG,RU,1
NG,RW,1
NG,SA,3
NG,SD,1
NG,SE,1
NG,SG,1
NG,SL,2
NG,SN,1
NG,SO,1
NG,SS,1
NG,TG,2
NG,TR,7
NG,TW,1
NG,UA,1
NG,UG,7
NG,US,26
NG,ZA,25
NI,BR,1
NI,CA,1
NI,CH,1
NI,CL,1
NI,CO,4
NI,CR,2
NI,DK,1
NI,ES,9
NI,HN,4
NI,IN,1
NI,JP,1
NI,MX,6
NI,MZ,1
NI,SE,1
NI,US,2
NI,VE,1
NI,ZM,1
NL,AL,4
NL,AR,8
NL,AT,27
NL,AU,66
NL,AW,1
NL,BA,3
NL,BD,9
NL,BE,123
NL,BG,4
NL,BJ,1
NL,BN,1
NL,BR,78
NL,BW,1
NL,CA,86
NL,CH,93
NL,CI,1
NL,CL,17
NL,CM,1
NL,CN,191
NL,CO,29
NL,CR,6
NL,CW,2
NL,CY,5
NL,CZ,10
NL,DE,326
NL,DK,40
NL,EC,13
NL,EG,5
NL,ER,1
NL,ES,169
NL,ET,12
NL,FI,17
NL,FR,139
NL,GB,400
NL,GE,1
NL,GF,1
NL,GH,11
NL,GR,55
NL,GT,1
NL,HK,16
NL,HN,2
NL,HR,11
NL,HU,12
NL,ID,51
NL,IE,28
NL,IL,17
NL,IN,127
NL,IR,33
NL,IS,1
NL,IT,223
NL,JO,3
NL,JP,32
NL,KE,6
NL,KH,1
NL,KR,18
NL,KZ,1
NL,LB,5
NL,LK,1
NL,LR,1
NL,LT,1
NL,LU,5
NL,LV,2
NL,MN,1
NL,MO,2
NL,MW,2
NL,MX,36
NL,MY,7
NL,NG,7
NL,NO,17
NL,NP,3
NL,NZ,8
NL,PA,1
NL,PE,4
NL,PH,5
NL,PK,7
NL,PL,16
NL,PT,92
NL,QA,3
NL,RO,6
NL,RS,9
NL,RU,43
NL,RW,3
NL,SA,3
NL,SE,80
NL,SG,17
NL,SI,5
NL,SK,1
NL,SN,1
NL,TH,5
NL,TN,1
NL,TR,48
NL,TW,9
NL,TZ,3
NL,UA,10
NL,UG,2
NL,US,333
NL,UY,1
NL,VE,4
NL,VN,7
NL,ZA,23
NL,ZW,4
NO,AT,15
NO,AU,32
NO,BD,3
NO,BE,13
NO,BF,1
NO,BG,1
NO,BR,23
NO,CA,35
NO,CH,30
NO,CL,4
NO,CN,32
NO,CO,4
NO,CU,1
NO,CY,2
NO,CZ,4
NO,DE,93
NO,DK,75
NO,EE,2
NO,EG,3
NO,ES,53
NO,ET,4
NO,FI,34
NO,FR,58
NO,GB,132
NO,GH,8
NO,GR,13
NO,HK,1
NO,HR,2
NO,HU,4
NO,ID,6
NO,IE,8
NO,IN,27
NO,IR,8
NO,IS,2
NO,IT,59
NO,JP,15
NO,KE,1
NO,KR,10
NO,LK,1
NO,LU,2
NO,LV,1
NO,MD,1
NO,MW,1
NO,MY,3
NO,MZ,1
NO,NG,3
NO,NL,52
NO,NP,5
NO,NZ,6
NO,OM,1
NO,PA,1
NO,PH,1
NO,PK,5
NO,PL,8
NO,PR,1
NO,PT,28
NO,QA,1
NO,RE,1
NO,RO,3
NO,RU,14
NO,SA,1
NO,SD,1
NO,SE,91
NO,SG,3
NO,SI,2
NO,SK,3
NO,SO,1
NO,TH,1
NO,TN,1
NO,TR,4
NO,TW,3
NO,TZ,1
NO,UA,5
NO,UG,2
NO,US,103
NO,VN,3
NO,ZA,6
NO,ZM,1
NP,AF,1
NP,AT,2
NP,AU,13
NP,BD,4
NP,BE,7
NP,BR,1
NP,BT,1
NP,CH,1
NP,CN,19
NP,CZ,1
NP,DE,7
NP,DK,1
NP,FI,1
NP,FK,1
NP,GB,15
NP,GM,1
NP,GR,1
NP,HK,1
NP,IE,1
NP,IL,1
NP,IN,68
NP,IT,1
NP,JP,9
NP,KR,8
NP,LK,1
NP,NL,8
NP,NO,5
NP,NZ,1
NP,PH,3
NP,PK,3
NP,PT,1
NP,RU,1
NP,SE,2
NP,TH,10
NP,TR,1
NP,UA,1
NP,US,13
NP,ZA,1
NR,NZ,1
NZ,AE,4
NZ,AR,4
NZ,AT,14
NZ,AU,182
NZ,BD,8
NZ,BE,7
NZ,BR,15
NZ,BT,1
NZ,CA,52
NZ,CH,13
NZ,CL,3
NZ,CN,79
NZ,CO,10
NZ,CU,1
NZ,CY,1
NZ,CZ,6
NZ,DE,58
NZ,DK,10
NZ,EE,1
NZ,EG,4
NZ,ES,14
NZ,FI,8
NZ,FJ,3
NZ,FR,29
NZ,GB,230
NZ,GH,3
NZ,HK,11
NZ,ID,18
NZ,IE,13
NZ,IL,2
NZ,IN,61
NZ,IQ,1
NZ,IR,38
NZ,IS,1
NZ,IT,18
NZ,JO,1
NZ,JP,17
NZ,KE,1
NZ,KH,1
NZ,KR,12
NZ,KZ,1
NZ,LB,1
NZ,LK,17
NZ,LU,1
NZ,MG,1
NZ,MM,2
NZ,MO,1
NZ,MX,6
NZ,MY,34
NZ,NG,9
NZ,NL,23
NZ,NO,2
NZ,NP,4
NZ,OM,1
NZ,PG,1
NZ,PH,6
NZ,PK,19
NZ,PL,2
NZ,PT,7
NZ,QA,3
NZ,RO,1
NZ,RS,2
NZ,RU,8
NZ,SA,7
NZ,SE,12
NZ,SG,31
NZ,TH,4
NZ,TR,5
NZ,TT,1
NZ,TW,9
NZ,TZ,2
NZ,UA,1
NZ,US,204
NZ,UY,1
NZ,VE,1
NZ,VN,3
NZ,WS,1
NZ,ZA,22
OM,AE,3
OM,AT,1
OM,AU,6
OM,BD,2
OM,BE,1
OM,BG,1
OM,BH,1
OM,BR,1
OM,CA,4
OM,CH,2
OM,DE,8
OM,DZ,1
OM,EG,9
OM,ET,3
OM,FI,3
OM,GB,31
OM,GH,1
OM,IE,1
OM,IN,62
OM,IQ,3
OM,IR,5
OM,IT,1
OM,JO,2
OM,JP,3
OM,KR,1
OM,LB,1
OM,LK,3
OM,MG,1
OM,MY,7
OM,NL,3
OM,NZ,1
OM,PK,8
OM,PS,2
OM,PT,3
OM,QA,1
OM,SA,11
OM,SE,1
OM,SG,2
OM,SY,5
OM,TH,2
OM,TN,2
OM,US,9
OM,VE,1
OM,ZA,3
PA,AR,2
PA,AU,1
PA,BR,1
PA,CA,1
PA,CH,1
PA,CL,1
PA,CO,10
PA,CR,3
PA,DE,2
PA,DO,1
PA,ES,11
PA,GB,5
PA,HN,2
PA,MX,3
PA,MZ,1
PA,NL,1
PA,PE,1
PA,PL,1
PA,PR,3
PA,SE,1
PA,SV,1
PA,US,20
PA,VE,6
PE,AO,1
PE,AR,15
PE,AU,3
PE,BE,4
PE,BO,5
PE,BR,90
PE,BY,1
PE,CA,7
PE,CH,1
PE,CL,33
PE,CO,19
PE,CR,6
PE,CU,14
PE,CZ,1
PE,DE,5
PE,DO,1
PE,EC,32
PE,ES,127
PE,FI,1
PE,FR,28
PE,GB,19
PE,IE,1
PE,IN,1
PE,IT,10
PE,JP,3
PE,KE,1
PE,KR,4
PE,MX,30
PE,MY,1
PE,NI,1
PE,NL,4
PE,NO,1
PE,PA,1
PE,PH,1
PE,PR,2
PE,PT,4
PE,QA,1
PE,RU,1
PE,SE,1
PE,TW,1
PE,UA,1
PE,UG,1
PE,US,63
PE,UY,1
PE,VE,6
PE,ZA,1
PF,FR,6
PF,GB,1
PF,IL,1
PF,SA,1
PF,US,1
PG,AU,7
PG,CA,2
PG,CH,1
PG,CN,2
PG,IN,2
PG,JP,1
PG,KY,1
PG,MY,1
PG,NZ,1
PG,PK,1
PH,AR,1
PH,AT,1
PH,AU,13
PH,BD,1
PH,BE,9
PH,BH,3
PH,CA,3
PH,CH,1
PH,CM,1
PH,CN,2
PH,CO,2
PH,CZ,1
PH,DE,7
PH,DK,1
PH,ES,2
PH,ET,1
PH,FI,1
PH,FJ,1
PH,FR,3
PH,GB,6
PH,HK,2
PH,HU,1
PH,ID,6
PH,IE,2
PH,IN,7
PH,JP,23
PH,KR,11
PH,KW,1
PH,LB,1
PH,LK,1
PH,LR,1
PH,MM,1
PH,MY,3
PH,NL,2
PH,NP,2
PH,NZ,2
PH,PE,1
PH,PK,1
PH,QA,1
PH,SA,2
PH,SE,1
PH,SG,6
PH,SK,1
PH,TH,4
PH,TR,1
PH,TW,5
PH,TZ,1
PH,US,39
PH,ZA,1
PK,AE,2
PK,AF,2
PK,AT,21
PK,AU,28
PK,AZ,1
PK,BD,1
PK,BE,1
PK,BN,4
PK,BR,6
PK,CA,14
PK,CH,3
PK,CN,141
PK,CY,1
PK,CZ,1
PK,DE,45
PK,DK,2
PK,ES,5
PK,ET,2
PK,FI,6
PK,FR,34
PK,GB,130
PK,GR,1
PK,HK,4
PK,HU,2
PK,IE,2
PK,IN,3
PK,IR,2
PK,IT,27
PK,JO,1
PK,JP,13
PK,KR,42
PK,MA,1
PK,MM,1
PK,MO,1
PK,MW,1
PK,MX,1
PK,MY,61
PK,NG,5
PK,NL,19
PK,NO,7
PK,NZ,11
PK,OM,2
PK,PL,1
PK,QA,3
PK,RO,2
PK,RU,1
PK,SA,30
PK,SE,22
PK,SG,3
PK,TH,18
PK,TR,13
PK,TW,1
PK,US,71
PK,YE,2
PK,ZA,1
PL,AT,15
PL,AU,7
PL,BA,1
PL,BE,13
PL,BG,1
PL,BR,5
PL,BY,8
PL,CA,12
PL,CH,18
PL,CL,1
PL,CM,1
PL,CN,11
PL,CO,3
PL,CY,1
PL,CZ,11
PL,DE,64
PL,DK,10
PL,DZ,1
PL,EC,1
PL,EE,1
PL,EG,2
PL,ES,31
PL,FI,7
PL,FR,52
PL,GB,68
PL,GR,3
PL,HK,3
PL,HR,2
PL,HU,12
PL,ID,1
PL,IE,10
PL,IL,3
PL,IN,31
PL,IR,7
PL,IT,38
PL,JO,1
PL,JP,12
PL,KG,1
PL,KR,2
PL,KZ,2
PL,LB,1
PL,MY,1
PL,NG,1
PL,NL,14
PL,NO,8
PL,OM,1
PL,PK,2
PL,PT,13
PL,RO,4
PL,RS,5
PL,RU,14
PL,SE,10
PL,SG,3
PL,SI,2
PL,SK,4
PL,SV,1
PL,SY,1
PL,TN,2
PL,TR,4
PL,UA,51
PL,US,86
PL,VE,1
PL,VN,1
PL,ZA,1
PR,AE,1
PR,BR,1
PR,CA,4
PR,CM,1
PR,CN,2
PR,CO,32
PR,CR,2
PR,DK,1
PR,DO,1
PR,ES,11
PR,FI,1
PR,FR,1
PR,GB,1
PR,IN,1
PR,IT,1
PR,MX,3
PR,PA,1
PR,PE,2
PR,PT,1
PR,TR,1
PR,US,50
PR,UY,1
PS,AT,2
PS,AU,1
PS,BD,1
PS,BE,1
PS,BR,1
PS,CA,3
PS,CN,1
PS,CY,1
PS,DE,7
PS,EG,6
PS,ES,1
PS,FR,3
PS,GB,16
PS,GR,2
PS,IL,2
PS,IN,1
PS,IT,2
PS,JO,5
PS,LB,1
PS,MY,4
PS,NL,1
PS,NO,2
PS,PK,2
PS,SA,2
PS,TR,3
PS,US,10
PS,ZA,1
PT,AE,3
PT,AL,4
PT,AM,1
PT,AO,26
PT,AR,10
PT,AT,23
PT,AU,14
PT,AZ,2
PT,BD,5
PT,BE,75
PT,BG,1
PT,BH,1
PT,BO,3
PT,BR,928
PT,BS,1
PT,BY,4
PT,CA,33
PT,CF,1
PT,CH,52
PT,CL,11
PT,CN,33
PT,CO,20
PT,CR,2
PT,CU,2
PT,CV,14
PT,CY,5
PT,CZ,37
PT,DE,151
PT,DK,40
PT,DZ,5
PT,EC,16
PT,EE,2
PT,EG,11
PT,ER,1
PT,ES,558
PT,ET,5
PT,FI,13
PT,FJ,1
PT,FO,1
PT,FR,197
PT,GB,409
PT,GH,2
PT,GR,17
PT,GT,1
PT,GW,2
PT,HK,1
PT,HN,2
PT,HR,8
PT,HU,11
PT,ID,3
PT,IE,21
PT,IL,5
PT,IN,67
PT,IQ,1
PT,IR,51
PT,IT,199
PT,JO,1
PT,JP,26
PT,KE,3
PT,KG,1
PT,KH,1
PT,KN,1
PT,KR,10
PT,KW,1
PT,LB,6
PT,LK,1
PT,LT,2
PT,LU,6
PT,MA,5
PT,MK,2
PT,MM,2
PT,MO,8
PT,MT,2
PT,MX,16
PT,MY,7
PT,MZ,24
PT,NG,6
PT,NL,89
PT,NO,18
PT,NP,1
PT,NZ,8
PT,OM,2
PT,PE,4
PT,PH,1
PT,PK,6
PT,PL,24
PT,PS,6
PT,PY,3
PT,QA,3
PT,RO,10
PT,RS,10
PT,RU,22
PT,SA,5
PT,SE,50
PT,SG,6
PT,SI,8
PT,SK,5
PT,ST,4
PT,SY,5
PT,TH,3
PT,TL,7
PT,TN,1
PT,TR,11
PT,TW,6
PT,UA,13
PT,UG,1
PT,US,262
PT,UY,2
PT,VE,8
PT,VN,4
PT,ZA,6
PW,US,1
PY,AR,2
PY,AU,1
PY,BD,1
PY,BE,1
PY,BR,23
PY,CL,4
PY,DE,2
PY,ES,15
PY,GB,3
PY,IT,1
PY,JP,2
PY,MX,1
PY,US,4
QA,AE,17
QA,AT,1
QA,AU,17
QA,BA,1
QA,BD,2
QA,BE,3
QA,BH,2
QA,BR,2
QA,CA,41
QA,CH,5
QA,CN,7
QA,CU,1
QA,CZ,1
QA,DE,10
QA,DK,3
QA,DZ,1
QA,EG,28
QA,ES,7
QA,FI,1
QA,FR,28
QA,GB,104
QA,GR,8
QA,HK,4
QA,HU,1
QA,IE,6
QA,IL,1
QA,IN,46
QA,IQ,4
QA,IR,4
QA,IT,15
QA,JO,14
QA,JP,5
QA,KE,2
QA,KR,9
QA,KW,4
QA,LB,8
QA,LK,1
QA,LY,2
QA,MA,1
QA,MX,1
QA,MY,16
QA,NG,1
QA,NL,8
QA,NO,1
QA,NP,1
QA,NZ,3
QA,OM,6
QA,PH,7
QA,PK,7
QA,PS,1
QA,PT,4
QA,RO,1
QA,RS,2
QA,SA,27
QA,SD,8
QA,SE,5
QA,SG,6
QA,SY,6
QA,TH,1
QA,TN,14
QA,TR,7
QA,TW,1
QA,US,124
QA,ZA,6
RE,BE,3
RE,EE,1
RE,FR,14
RE,GB,1
RE,HT,1
RE,MG,3
RO,AT,2
RO,AU,4
RO,BE,2
RO,BG,2
RO,CA,1
RO,CH,3
RO,CN,2
RO,CO,2
RO,CY,1
RO,CZ,3
RO,DE,19
RO,DK,2
RO,EC,1
RO,EE,1
RO,ES,8
RO,FI,2
RO,FR,17
RO,GB,14
RO,GR,4
RO,HU,5
RO,IE,2
RO,IL,2
RO,IN,2
RO,IT,15
RO,JP,2
RO,KR,1
RO,LB,1
RO,LT,1
RO,LV,1
RO,MD,1
RO,MK,1
RO,NL,6
RO,NO,2
RO,PL,1
RO,PT,6
RO,RU,1
RO,SE,2
RO,SG,1
RO,TR,1
RO,US,15
RS,AL,1
RS,AT,2
RS,BA,5
RS,BE,2
RS,BR,1
RS,CA,3
RS,CH,2
RS,CL,1
RS,CZ,2
RS,DE,10
RS,ES,3
RS,FR,4
RS,GB,8
RS,GR,1
RS,HR,3
RS,HU,1
RS,IE,1
RS,IL,2
RS,IT,7
RS,LB,2
RS,ME,1
RS,MK,3
RS,NL,4
RS,PL,2
RS,PT,2
RS,QA,1
RS,RU,3
RS,SE,1
RS,SG,1
RS,SI,1
RS,TR,4
RS,US,12
RU,AE,1
RU,AM,20
RU,AT,5
RU,AU,11
RU,AZ,3
RU,BD,3
RU,BE,9
RU,BG,4
RU,BJ,1
RU,BR,6
RU,BY,15
RU,CA,6
RU,CH,7
RU,CL,1
RU,CM,2
RU,CN,19
RU,CO,6
RU,CU,3
RU,CZ,7
RU,DE,45
RU,DK,2
RU,EC,4
RU,EE,1
RU,EG,10
RU,ES,16
RU,ET,3
RU,FI,12
RU,FR,51
RU,GB,51
RU,GE,5
RU,GH,4
RU,GR,2
RU,HK,1
RU,HR,2
RU,HU,4
RU,ID,1
RU,IN,25
RU,IQ,2
RU,IR,5
RU,IT,27
RU,JO,1
RU,JP,14
RU,KE,1
RU,KG,7
RU,KR,5
RU,KZ,24
RU,LK,3
RU,LT,4
RU,LU,1
RU,LV,5
RU,MD,3
RU,MN,2
RU,MT,1
RU,MX,4
RU,MY,1
RU,NG,3
RU,NL,15
RU,NO,5
RU,NZ,4
RU,PH,1
RU,PK,3
RU,PL,6
RU,PS,1
RU,PT,8
RU,QA,1
RU,RO,1
RU,RS,2
RU,SE,14
RU,SG,2
RU,SI,1
RU,SY,6
RU,TH,1
RU,TJ,4
RU,TM,1
RU,TR,7
RU,TW,1
RU,TZ,2
RU,UA,207
RU,US,76
RU,UZ,7
RU,VN,4
RW,AU,1
RW,BE,2
RW,BN,1
RW,CA,1
RW,CD,1
RW,CH,2
RW,CM,1
RW,CN,4
RW,DE,2
RW,FI,1
RW,FR,1
RW,GA,1
RW,GB,14
RW,IN,6
RW,JP,1
RW,KE,11
RW,KR,1
RW,NG,3
RW,NL,5
RW,NO,1
RW,SE,2
RW,SN,3
RW,TR,1
RW,TZ,1
RW,UG,2
RW,US,5
RW,ZA,9
SA,AE,6
SA,AF,2
SA,AM,2
SA,AT,3
SA,AU,63
SA,BA,2
SA,BD,9
SA,BE,5
SA,BH,1
SA,BN,1
SA,BR,1
SA,BY,1
SA,CA,78
SA,CH,9
SA,CM,1
SA,CN,67
SA,CO,2
SA,CY,1
SA,CZ,4
SA,DE,34
SA,DK,8
SA,DZ,7
SA,EG,105
SA,ES,12
SA,ET,2
SA,FI,1
SA,FR,38
SA,GB,203
SA,GR,7
SA,HK,7
SA,HU,1
SA,ID,8
SA,IE,6
SA,IN,244
SA,IQ,3
SA,IR,1
SA,IT,20
SA,JO,41
SA,JP,28
SA,KE,1
SA,KR,37
SA,KW,3
SA,KZ,2
SA,LB,4
SA,LV,2
SA,LY,1
SA,MA,4
SA,MO,1
SA,MX,5
SA,MY,69
SA,NG,18
SA,NL,10
SA,NO,3
SA,NP,1
SA,NZ,2
SA,OM,4
SA,PH,13
SA,PK,98
SA,PL,1
SA,PS,7
SA,PT,7
SA,QA,3
SA,RU,6
SA,RW,1
SA,SD,67
SA,SE,6
SA,SG,14
SA,SI,2
SA,SN,1
SA,SS,1
SA,SY,5
SA,TN,45
SA,TR,11
SA,TW,10
SA,US,209
SA,VN,1
SA,YE,13
SA,ZA,7
SB,AU,2
SB,GB,1
SB,PG,1
SC,FR,1
SC,GB,1
SD,AE,2
SD,CN,7
SD,DE,3
SD,EG,4
SD,ER,1
SD,ES,1
SD,FR,1
SD,GB,4
SD,GH,1
SD,HU,1
SD,IE,1
SD,IN,2
SD,IT,1
SD,JP,5
SD,KR,1
SD,LK,1
SD,MW,1
SD,MX,1
SD,MY,9
SD,NZ,1
SD,QA,1
SD,SA,4
SD,SE,1
SD,TH,1
SD,TR,1
SD,TZ,1
SD,US,1
SD,YE,1
SD,ZA,7
SE,AE,2
SE,AL,3
SE,AR,5
SE,AT,45
SE,AU,79
SE,BA,4
SE,BD,12
SE,BE,44
SE,BG,3
SE,BO,8
SE,BR,46
SE,BW,1
SE,BY,3
SE,CA,68
SE,CD,1
SE,CH,102
SE,CL,7
SE,CN,144
SE,CO,15
SE,CR,1
SE,CU,4
SE,CY,5
SE,CZ,24
SE,DE,291
SE,DK,145
SE,EC,3
SE,EE,7
SE,EG,10
SE,ES,157
SE,ET,13
SE,FI,93
SE,FR,150
SE,GB,318
SE,GE,1
SE,GH,5
SE,GR,62
SE,HK,10
SE,HR,4
SE,HU,20
SE,ID,10
SE,IE,18
SE,IL,6
SE,IM,1
SE,IN,139
SE,IQ,6
SE,IR,42
SE,IS,12
SE,IT,140
SE,JO,1
SE,JP,46
SE,KE,3
SE,KR,25
SE,LB,2
SE,LI,1
SE,LK,3
SE,LT,7
SE,LU,1
SE,LV,5
SE,MK,3
SE,MO,1
SE,MT,1
SE,MW,1
SE,MX,16
SE,MY,6
SE,MZ,1
SE,NA,1
SE,NG,4
SE,NL,109
SE,NO,50
SE,NP,2
SE,NZ,19
SE,PA,1
SE,PE,1
SE,PH,4
SE,PK,11
SE,PL,31
SE,PS,2
SE,PT,64
SE,QA,4
SE,RO,10
SE,RS,9
SE,RU,27
SE,RW,5
SE,SA,5
SE,SD,3
SE,SG,21
SE,SI,8
SE,SK,5
SE,SN,1
SE,SV,1
SE,SY,3
SE,SZ,3
SE,TH,1
SE,TN,1
SE,TR,30
SE,TW,8
SE,TZ,6
SE,UA,12
SE,UG,5
SE,US,337
SE,UY,1
SE,VE,3
SE,VN,3
SE,YE,1
SE,ZA,18
SE,ZM,2
SE,ZW,2
SG,AE,2
SG,AR,1
SG,AT,6
SG,AU,136
SG,BD,7
SG,BE,14
SG,BH,1
SG,BN,2
SG,BR,3
SG,CA,33
SG,CF,1
SG,CH,31
SG,CL,1
SG,CN,396
SG,CO,1
SG,CY,2
SG,DE,59
SG,DK,9
SG,EC,2
SG,EG,5
SG,ES,11
SG,ET,2
SG,FI,2
SG,FJ,1
SG,FR,48
SG,GB,211
SG,GR,3
SG,HK,66
SG,HR,1
SG,HU,3
SG,ID,15
SG,IE,12
SG,IL,9
SG,IN,234
SG,IR,13
SG,IS,2
SG,IT,16
SG,JO,2
SG,JP,46
SG,KR,49
SG,KZ,2
SG,LA,1
SG,LK,11
SG,LT,1
SG,LU,3
SG,MO,3
SG,MX,2
SG,MY,34
SG,NG,2
SG,NL,26
SG,NO,4
SG,NP,2
SG,NZ,19
SG,OM,1
SG,PH,19
SG,PK,2
SG,PL,3
SG,PR,1
SG,PS,2
SG,PT,9
SG,QA,1
SG,RO,2
SG,RU,3
SG,SA,3
SG,SC,1
SG,SE,14
SG,SK,1
SG,TH,7
SG,TR,16
SG,TW,26
SG,UA,3
SG,US,357
SG,VN,12
SG,ZA,6
SI,AL,1
SI,AT,5
SI,AU,2
SI,BA,1
SI,BG,1
SI,CA,1
SI,CH,1
SI,CN,1
SI,CZ,1
SI,DE,9
SI,DK,2
SI,EG,1
SI,ES,3
SI,FR,4
SI,GB,11
SI,GR,1
SI,HR,8
SI,HU,3
SI,IL,1
SI,IN,5
SI,IS,1
SI,IT,9
SI,KR,1
SI,MA,1
SI,ME,1
SI,MK,2
SI,MX,1
SI,NL,1
SI,PK,2
SI,PL,1
SI,PT,4
SI,RO,1
SI,RS,4
SI,RU,1
SI,SE,1
SI,TR,2
SI,US,12
SK,AT,5
SK,AU,2
SK,BE,1
SK,CA,2
SK,CH,2
SK,CZ,17
SK,DE,7
SK,DK,1
SK,EE,1
SK,ES,7
SK,FR,10
SK,GB,1
SK,HU,3
SK,IN,3
SK,IR,2
SK,IT,5
SK,NL,1
SK,NO,2
SK,PL,4
SK,PT,1
SK,RS,2
SK,RU,2
SK,SE,1
SK,SI,2
SK,TR,2
SK,UA,6
SK,US,3
SK,ZA,2
SL,AU,1
SL,BE,1
SL,CN,2
SL,ET,3
SL,GB,4
SL,GH,1
SL,IT,3
SL,LR,2
SL,NG,1
SL,RU,1
SL,SD,1
SL,SS,2
SL,US,4
SL,VE,1
SL,ZA,1
SM,DK,1
SM,IT,2
SN,BE,2
SN,BF,3
SN,BJ,1
SN,CA,2
SN,CD,1
SN,CM,3
SN,ES,2
SN,FR,12
SN,GB,1
SN,GH,3
SN,GN,1
SN,KE,1
SN,MR,1
SN,NE,1
SN,NG,3
SN,NL,3
SN,RO,1
SN,SD,1
SN,UG,1
SN,US,3
SO,AF,1
SO,AO,1
SO,BD,1
SO,CH,2
SO,CN,1
SO,ES,1
SO,ET,7
SO,GB,1
SO,IN,1
SO,KE,3
SO,MY,2
SO,RU,1
SO,SD,9
SO,SS,1
SO,TR,2
SO,UG,11
SO,US,2
SO,ZW,1
SR,BE,1
SR,CN,1
SR,KG,1
SR,NL,1
SR,US,1
SS,AU,1
SS,BD,1
SS,BE,1
SS,DK,2
SS,EG,1
SS,ER,1
SS,ET,2
SS,GB,2
SS,SD,2
SS,TH,1
SS,UG,2
SS,US,2
ST,PT,3
SV,BR,1
SV,CL,1
SV,CR,2
SV,DE,1
SV,EG,1
SV,ES,8
SV,MX,1
SV,US,3
SX,US,4
SY,AT,1
SY,BY,1
SY,DE,1
SY,FR,5
SY,IN,1
SY,IQ,1
SY,LB,1
SZ,BW,1
SZ,ET,1
SZ,GB,1
SZ,IR,1
SZ,KR,1
SZ,NG,1
SZ,PH,1
SZ,SE,1
SZ,TH,1
SZ,UA,1
SZ,US,1
SZ,ZA,8
SZ,ZM,1
SZ,ZW,1
TC,CM,1
TC,US,1
TD,CA,1
TD,CD,1
TD,CM,1
TD,GN,1
TD,RU,1
TD,ZA,1
TG,BF,1
TG,CN,1
TG,FR,3
TG,GH,2
TG,MA,1
TG,NG,1
TG,SN,1
TG,US,1
TG,ZA,1
TH,AF,1
TH,AT,1
TH,AU,33
TH,BD,10
TH,BE,2
TH,BR,1
TH,BT,1
TH,CA,9
TH,CH,3
TH,CM,1
TH,CN,12
TH,DE,22
TH,DK,3
TH,DZ,1
TH,ES,2
TH,ET,1
TH,FI,1
TH,FR,11
TH,GB,75
TH,GH,3
TH,HK,1
TH,ID,35
TH,IE,1
TH,IN,26
TH,IR,2
TH,IT,1
TH,JP,38
TH,KE,1
TH,KH,4
TH,KR,3
TH,KW,1
TH,LB,1
TH,LK,4
TH,LR,1
TH,LU,1
TH,MM,14
TH,MO,1
TH,MY,12
TH,NG,5
TH,NL,8
TH,NP,13
TH,NZ,5
TH,PH,6
TH,PK,12
TH,PL,1
TH,PT,2
TH,RU,3
TH,SA,1
TH,SE,3
TH,SG,4
TH,SZ,1
TH,TR,1
TH,TW,9
TH,US,116
TH,VN,8
TH,ZA,3
TJ,CN,1
TJ,RU,3
TJ,UA,3
TJ,US,1
TJ,UZ,1
TK,US,1
TL,AF,1
TL,DE,1
TL,FJ,1
TL,GW,1
TL,ID,1
TL,LK,1
TL,LU,1
TL,MO,1
TL,MZ,1
TL,NZ,1
TL,PT,8
TL,RW,1
TL,US,2
TM,GB,1
TM,SA,1
TN,AE,1
TN,BE,1
TN,BJ,1
TN,CA,3
TN,CH,1
TN,DE,1
TN,DZ,3
TN,ES,6
TN,ET,2
TN,FR,42
TN,ID,1
TN,IT,3
TN,JP,3
TN,LB,1
TN,LY,1
TN,MY,1
TN,OM,1
TN,PT,1
TN,RU,1
TN,SA,4
TN,TD,1
TN,US,3
TN,YE,1
TO,FJ,2
TO,NZ,1
TR,AE,3
TR,AF,3
TR,AL,9
TR,AT,23
TR,AU,13
TR,AZ,19
TR,BA,7
TR,BD,7
TR,BE,10
TR,BI,1
TR,BR,3
TR,BY,1
TR,CA,29
TR,CD,1
TR,CH,13
TR,CI,1
TR,CM,2
TR,CN,9
TR,CO,1
TR,CU,2
TR,CY,27
TR,CZ,8
TR,DE,97
TR,DK,8
TR,DZ,2
TR,EE,1
TR,EG,8
TR,ES,17
TR,ET,4
TR,FI,8
TR,FR,40
TR,GA,1
TR,GB,279
TR,GE,1
TR,GH,8
TR,GM,2
TR,GR,3
TR,HK,1
TR,HU,6
TR,ID,1
TR,IE,6
TR,IL,4
TR,IN,24
TR,IQ,24
TR,IR,72
TR,IT,36
TR,JO,4
TR,JP,16
TR,KE,3
TR,KG,4
TR,KR,8
TR,KW,1
TR,KZ,6
TR,LB,1
TR,LT,2
TR,LY,3
TR,MK,1
TR,MX,1
TR,MY,17
TR,NE,2
TR,NG,9
TR,NL,45
TR,NO,5
TR,NZ,4
TR,PH,3
TR,PK,50
TR,PL,9
TR,PS,7
TR,PT,9
TR,QA,1
TR,RO,4
TR,RS,3
TR,RU,4
TR,RW,3
TR,SA,8
TR,SD,4
TR,SE,13
TR,SG,1
TR,SO,3
TR,SY,31
TR,TH,2
TR,TJ,1
TR,TM,2
TR,TN,3
TR,TW,1
TR,UA,5
TR,UG,2
TR,US,554
TR,UZ,3
TR,ZA,2
TR,ZW,2
TT,BB,1
TT,CA,4
TT,CU,2
TT,GB,10
TT,GD,1
TT,GH,1
TT,GL,1
TT,IN,5
TT,JM,1
TT,TW,1
TT,US,5
TT,ZA,2
TW,AE,1
TW,AT,7
TW,AU,21
TW,BD,4
TW,BE,9
TW,BR,2
TW,CA,25
TW,CH,11
TW,CN,54
TW,CO,2
TW,CW,1
TW,CZ,3
TW,DE,30
TW,DK,3
TW,DO,1
TW,DZ,1
TW,EC,1
TW,EG,1
TW,ES,9
TW,ET,6
TW,FI,1
TW,FR,27
TW,GB,107
TW,HK,14
TW,HN,1
TW,HR,1
TW,HU,1
TW,ID,80
TW,IE,2
TW,IL,1
TW,IN,145
TW,IR,2
TW,IT,7
TW,JO,1
TW,JP,68
TW,KE,1
TW,KI,1
TW,KR,19
TW,MM,1
TW,MN,4
TW,MO,2
TW,MW,2
TW,MX,2
TW,MY,7
TW,NL,7
TW,NO,4
TW,NP,1
TW,NZ,5
TW,PH,9
TW,PK,3
TW,PL,3
TW,PT,2
TW,QA,1
TW,RO,1
TW,RU,2
TW,SE,4
TW,SG,23
TW,SZ,2
TW,TH,4
TW,TR,2
TW,US,465
TW,VN,22
TW,ZA,3
TZ,AU,3
TZ,BE,5
TZ,CA,3
TZ,CH,3
TZ,CM,1
TZ,CN,5
TZ,CU,1
TZ,DE,2
TZ,DK,2
TZ,DZ,1
TZ,FR,2
TZ,GB,15
TZ,GH,1
TZ,HK,2
TZ,IL,1
TZ,IN,12
TZ,IT,2
TZ,JP,1
TZ,KE,10
TZ,MZ,1
TZ,NG,2
TZ,NL,9
TZ,NO,5
TZ,NZ,1
TZ,PH,1
TZ,PT,1
TZ,RW,2
TZ,SD,3
TZ,SE,4
TZ,UA,1
TZ,UG,9
TZ,US,10
TZ,ZA,8
TZ,ZM,1
TZ,ZW,3
UA,AM,2
UA,AT,4
UA,AU,2
UA,AZ,1
UA,BE,1
UA,BG,1
UA,BY,3
UA,CA,1
UA,CH,3
UA,CY,1
UA,CZ,5
UA,DE,21
UA,EE,1
UA,ES,3
UA,FI,2
UA,FR,16
UA,GB,11
UA,GE,1
UA,GR,3
UA,GY,1
UA,HU,3
UA,ID,1
UA,IL,1
UA,IN,2
UA,IT,6
UA,JP,3
UA,KG,1
UA,LA,1
UA,LT,2
UA,LV,1
UA,NL,3
UA,NO,3
UA,PK,1
UA,PL,16
UA,PT,2
UA,QA,1
UA,RO,1
UA,RU,45
UA,SE,6
UA,SG,2
UA,SK,2
UA,SZ,1
UA,TJ,1
UA,TN,1
UA,TR,2
UA,US,26
UG,AT,2
UG,AU,4
UG,BE,9
UG,BJ,2
UG,CA,2
UG,CM,1
UG,CN,3
UG,DE,5
UG,DK,1
UG,ET,1
UG,FI,3
UG,FR,1
UG,GB,24
UG,GH,1
UG,IE,2
UG,IL,2
UG,IN,5
UG,IT,3
UG,JP,3
UG,KE,6
UG,ML,1
UG,MY,2
UG,NG,19
UG,NL,7
UG,NO,4
UG,PE,1
UG,PH,2
UG,PT,1
UG,RW,2
UG,SE,1
UG,SO,1
UG,TR,1
UG,TZ,7
UG,UA,1
UG,US,22
UG,ZA,14
UM,CA,1
US,AE,55
US,AF,2
US,AG,11
US,AL,4
US,AM,7
US,AO,1
US,AQ,3
US,AR,94
US,AT,158
US,AU,673
US,AW,4
US,AZ,1
US,BA,1
US,BB,4
US,BD,241
US,BE,211
US,BF,1
US,BG,11
US,BH,7
US,BI,1
US,BJ,2
US,BM,2
US,BO,4
US,BR,843
US,BS,3
US,BT,1
US,BW,4
US,BY,10
US,BZ,1
US,CA,1793
US,CD,3
US,CH,571
US,CI,2
US,CL,107
US,CM,5
US,CN,3854
US,CO,290
US,CR,28
US,CU,19
US,CV,1
US,CW,2
US,CY,10
US,CZ,58
US,DE,1185
US,DK,210
US,DM,6
US,DO,14
US,DZ,4
US,EC,51
US,EE,9
US,EG,164
US,ES,750
US,ET,25
US,FI,101
US,FJ,1
US,FK,1
US,FR,921
US,GA,1
US,GB,2048
US,GD,36
US,GE,4
US,GH,50
US,GL,1
US,GM,1
US,GN,1
US,GR,125
US,GT,13
US,GU,5
US,GY,2
US,HK,236
US,HN,14
US,HR,10
US,HT,3
US,HU,54
US,ID,47
US,IE,180
US,IL,260
US,IM,1
US,IN,2593
US,IQ,56
US,IR,565
US,IS,11
US,IT,622
US,JM,10
US,JO,70
US,JP,622
US,KE,29
US,KG,3
US,KH,2
US,KN,11
US,KR,937
US,KW,9
US,KY,6
US,KZ,11
US,LA,1
US,LB,88
US,LK,66
US,LR,3
US,LS,1
US,LT,4
US,LU,7
US,LV,6
US,LY,7
US,MA,13
US,MD,1
US,ME,1
US,MG,2
US,MH,1
US,MK,4
US,MM,11
US,MO,4
US,MT,2
US,MU,1
US,MW,2
US,MX,310
US,MY,59
US,MZ,3
US,NE,2
US,NG,86
US,NI,5
US,NL,401
US,NO,49
US,NP,82
US,NZ,134
US,OM,5
US,PA,10
US,PE,81
US,PG,2
US,PH,74
US,PK,180
US,PL,96
US,PR,132
US,PS,9
US,PT,163
US,PW,1
US,PY,2
US,QA,50
US,RO,17
US,RS,18
US,RU,197
US,RW,3
US,SA,121
US,SC,2
US,SD,10
US,SE,311
US,SG,271
US,SI,10
US,SK,3
US,SL,4
US,SN,2
US,SS,2
US,ST,1
US,SV,6
US,SX,6
US,SY,25
US,SZ,1
US,TG,2
US,TH,50
US,TL,3
US,TN,8
US,TR,380
US,TT,3
US,TW,358
US,TZ,8
US,UA,51
US,UG,19
US,UY,9
US,UZ,2
US,VC,1
US,VE,47
US,VI,6
US,VN,55
US,YE,4
US,ZA,103
US,ZM,5
US,ZW,9
UY,AR,8
UY,BR,26
UY,CH,2
UY,CL,4
UY,CO,3
UY,CU,4
UY,DE,4
UY,EC,2
UY,ES,24
UY,FR,2
UY,GB,5
UY,IE,1
UY,IT,3
UY,JP,1
UY,MX,3
UY,NL,1
UY,PT,3
UY,SE,2
UY,UA,1
UY,US,7
UY,VE,3
UZ,BD,1
UZ,CN,1
UZ,DE,5
UZ,EG,1
UZ,FR,1
UZ,GB,2
UZ,IT,1
UZ,JP,4
UZ,KR,2
UZ,NL,1
UZ,NO,1
UZ,RO,1
UZ,RU,5
UZ,SE,1
UZ,SG,1
UZ,SK,1
VA,BR,2
VA,IT,1
VA,PT,1
VC,AI,1
VC,MY,1
VC,NP,4
VC,US,2
VE,AR,3
VE,BR,3
VE,CA,2
VE,CN,1
VE,CO,54
VE,CR,2
VE,CU,4
VE,CW,1
VE,CZ,1
VE,DO,1
VE,EC,9
VE,ES,35
VE,FI,1
VE,FR,4
VE,GB,1
VE,IT,2
VE,JP,1
VE,MX,3
VE,PA,3
VE,PE,2
VE,PL,2
VE,US,6
VE,UY,1
VG,US,1
VI,AU,1
VI,BD,1
VI,US,4
VN,AM,1
VN,AT,3
VN,AU,47
VN,BE,14
VN,BR,1
VN,BY,1
VN,CA,2
VN,CN,10
VN,CR,1
VN,CU,1
VN,CZ,2
VN,DE,18
VN,DK,3
VN,EE,2
VN,ES,5
VN,FI,4
VN,FR,38
VN,GB,35
VN,IE,1
VN,IN,2
VN,IT,7
VN,JP,45
VN,KE,1
VN,KH,1
VN,KR,57
VN,LA,1
VN,MD,1
VN,MO,1
VN,MX,1
VN,MY,6
VN,NG,1
VN,NL,12
VN,NO,2
VN,NZ,4
VN,PH,5
VN,PL,1
VN,PT,3
VN,RU,12
VN,SE,5
VN,SG,8
VN,TH,8
VN,TW,20
VN,US,40
VN,ZA,2
VU,AU,1
VU,FJ,2
VU,GB,1
VU,IN,1
VU,KZ,1
WF,UA,1
WS,GB,1
WS,IT,1
WS,NZ,2
XK,GB,1
YE,AF,1
YE,CN,4
YE,CU,1
YE,DE,2
YE,EG,6
YE,GB,1
YE,IN,7
YE,IR,1
YE,JO,2
YE,KR,1
YE,MY,8
YE,RU,1
YE,SA,2
YE,SY,5
YE,US,1
YT,FR,1
YT,GF,1
YT,NL,1
YT,US,1
ZA,AE,4
ZA,AF,2
ZA,AO,1
ZA,AR,1
ZA,AT,3
ZA,AU,34
ZA,BD,2
ZA,BE,25
ZA,BG,3
ZA,BI,3
ZA,BJ,2
ZA,BN,1
ZA,BR,8
ZA,BW,15
ZA,CA,23
ZA,CD,10
ZA,CG,2
ZA,CH,13
ZA,CL,4
ZA,CM,10
ZA,CN,11
ZA,CO,1
ZA,CR,1
ZA,CU,3
ZA,DE,51
ZA,DK,4
ZA,EC,1
ZA,EG,7
ZA,ER,1
ZA,ES,19
ZA,ET,13
ZA,FI,7
ZA,FR,35
ZA,GA,1
ZA,GB,205
ZA,GH,53
ZA,GM,1
ZA,GQ,2
ZA,GR,2
ZA,HK,2
ZA,HR,3
ZA,HU,4
ZA,ID,1
ZA,IE,8
ZA,IL,4
ZA,IN,110
ZA,IR,17
ZA,IT,25
ZA,JM,1
ZA,JP,13
ZA,KE,55
ZA,KR,5
ZA,LB,1
ZA,LK,2
ZA,LS,23
ZA,MA,1
ZA,MG,3
ZA,ML,2
ZA,MU,3
ZA,MW,12
ZA,MY,10
ZA,MZ,4
ZA,NA,18
ZA,NG,309
ZA,NI,1
ZA,NL,42
ZA,NO,6
ZA,NP,2
ZA,NZ,7
ZA,PE,1
ZA,PH,1
ZA,PK,9
ZA,PL,3
ZA,PT,16
ZA,QA,2
ZA,RE,1
ZA,RO,2
ZA,RU,3
ZA,RW,5
ZA,SA,3
ZA,SC,2
ZA,SD,6
ZA,SE,19
ZA,SG,5
ZA,SK,1
ZA,SZ,12
ZA,TD,1
ZA,TH,2
ZA,TN,1
ZA,TR,4
ZA,TW,5
ZA,TZ,16
ZA,UG,19
ZA,US,145
ZA,VA,1
ZA,VN,1
ZA,ZM,10
ZA,ZW,134
ZM,AU,2
ZM,BE,1
ZM,BW,2
ZM,CA,1
ZM,CN,5
ZM,CU,2
ZM,CY,1
ZM,DE,1
ZM,DK,1
ZM,FI,1
ZM,FJ,1
ZM,GB,10
ZM,IN,3
ZM,KE,3
ZM,KR,2
ZM,KW,1
ZM,LT,1
ZM,MY,1
ZM,NG,4
ZM,NL,2
ZM,NO,3
ZM,NZ,2
ZM,RU,3
ZM,SE,1
ZM,TR,1
ZM,TZ,4
ZM,UG,2
ZM,US,10
ZM,ZA,11
ZM,ZW,7
ZW,AU,1
ZW,BE,2
ZW,BW,1
ZW,CH,1
ZW,CN,2
ZW,DE,1
ZW,DZ,1
ZW,ET,1
ZW,FR,1
ZW,GB,12
ZW,JP,1
ZW,KR,1
ZW,NG,2
ZW,NL,5
ZW,NO,2
ZW,NZ,1
ZW,SE,1
ZW,SZ,1
ZW,TZ,1
ZW,UG,1
ZW,US,10
ZW,ZA,47
ZW,ZM,2
